node_id,degree,ego_original_size,ego_actual_size,ego_edges,was_subsampled,n_simplices,time_seconds,H0_with,H1_with,H2_with,H3_with,H0_without,H1_without,H2_without,H3_without,delta_H0,delta_H1,delta_H2,delta_H3,project,gene_symbol,timestamp
2048,191,13015,300,3425,True,67463,2.514772891998291,1,35,86,43,1,64,113,49,0,-29,-27,-6,Alzheimer's Disease,EPHB2,2025-11-28T22:57:47.587476
10241,487,14903,300,2754,True,47230,2.6721339225769043,1,0,0,0,1,154,50,11,0,-154,-50,-11,Alzheimer's Disease,CALCOCO2,2025-11-28T22:57:50.260192
2,186,12724,300,2291,True,22181,2.3954029083251953,1,70,133,15,1,121,126,11,0,-51,7,4,Alzheimer's Disease,A2M,2025-11-28T22:57:52.656061
79882,178,13449,300,7230,True,2093159,5.025675058364868,1,10,30,68,1,20,43,78,0,-10,-13,-10,Alzheimer's Disease,ZC3H14,2025-11-28T22:57:57.682301
12,115,8958,300,5082,True,763873,2.7526137828826904,1,81,65,13,1,69,44,13,0,12,21,0,Alzheimer's Disease,SERPINA3,2025-11-28T22:58:00.435750
2066,176,10492,300,3628,True,118694,2.235987901687622,1,50,78,42,1,65,83,35,0,-15,-5,7,Alzheimer's Disease,ERBB4,2025-11-28T22:58:02.672324
19,32,8453,300,3213,True,74099,1.9633779525756836,1,25,31,3,1,21,26,3,0,4,5,0,Alzheimer's Disease,ABCA1,2025-11-28T22:58:04.636198
25,219,14198,300,4914,True,232957,2.686457872390747,1,24,46,42,1,49,87,83,0,-25,-41,-41,Alzheimer's Disease,ABL1,2025-11-28T22:58:07.323155
27,103,12095,300,4400,True,164124,2.5767905712127686,1,28,81,98,1,32,91,95,0,-4,-10,3,Alzheimer's Disease,ABL2,2025-11-28T22:58:09.901308
10273,620,16733,300,6726,True,1118998,3.9773190021514893,1,0,0,0,1,20,74,92,0,-20,-74,-92,Alzheimer's Disease,STUB1,2025-11-28T22:58:13.879183
4129,37,8172,300,2194,True,6983,1.607309103012085,1,162,231,1,1,155,217,1,0,7,14,0,Alzheimer's Disease,MAOB,2025-11-28T22:58:15.487195
4133,77,12191,300,2860,True,62953,2.2646472454071045,1,40,82,59,1,42,86,44,0,-2,-4,15,Alzheimer's Disease,MAP2,2025-11-28T22:58:17.752319
10280,136,12495,300,3864,True,252698,2.579523801803589,1,38,40,10,1,131,114,11,0,-93,-74,-1,Alzheimer's Disease,SIGMAR1,2025-11-28T22:58:20.332405
4139,72,10163,300,4879,True,292791,2.371225118637085,1,35,129,94,1,37,114,92,0,-2,15,2,Alzheimer's Disease,MARK1,2025-11-28T22:58:22.704218
4140,240,13816,300,5615,True,530994,3.0698649883270264,1,18,51,113,1,40,99,197,0,-22,-48,-84,Alzheimer's Disease,MARK3,2025-11-28T22:58:25.774689
6195,198,13158,300,4469,True,281543,2.807874917984009,1,21,54,51,1,50,90,53,0,-29,-36,-2,Alzheimer's Disease,RPS6KA1,2025-11-28T22:58:28.583344
2099,2291,18047,300,5461,True,479002,3.2183501720428467,1,0,0,0,1,42,96,77,0,-42,-96,-77,Alzheimer's Disease,ESR1,2025-11-28T22:58:31.802309
6197,194,13729,300,5710,True,842687,3.535752773284912,1,17,45,70,1,48,72,81,0,-31,-27,-11,Alzheimer's Disease,RPS6KA3,2025-11-28T22:58:35.338786
6198,110,13087,300,5627,True,659639,3.2500557899475098,1,12,29,51,1,16,38,50,0,-4,-9,1,Alzheimer's Disease,RPS6KB1,2025-11-28T22:58:38.589527
10295,140,12879,300,3929,True,110482,2.4766781330108643,1,47,81,168,1,58,80,125,0,-11,1,43,Alzheimer's Disease,BCKDK,2025-11-28T22:58:41.067059
2100,2291,18007,300,3771,True,120232,2.888294219970703,1,0,0,0,1,61,82,22,0,-61,-82,-22,Alzheimer's Disease,ESR2,2025-11-28T22:58:43.955835
120892,482,14793,300,5152,True,388971,3.0746729373931885,1,0,0,0,1,48,68,35,0,-48,-68,-35,Alzheimer's Disease,LRRK2,2025-11-28T22:58:47.030999
90,58,7855,300,2884,True,26453,1.5406239032745361,1,145,166,36,1,166,152,36,0,-21,14,0,Alzheimer's Disease,ACVR1,2025-11-28T22:58:48.572139
2147,41,8190,300,3658,True,181948,1.829296350479126,1,24,33,23,1,28,25,23,0,-4,8,0,Alzheimer's Disease,F2,2025-11-28T22:58:50.401954
102,90,11946,300,4700,True,643258,2.9423532485961914,1,29,55,22,1,65,47,21,0,-36,8,1,Alzheimer's Disease,ADAM10,2025-11-28T22:58:53.344843
53353,70,10644,300,1809,True,26179,2.024603843688965,1,57,44,8,1,50,41,8,0,7,3,0,Alzheimer's Disease,LRP1B,2025-11-28T22:58:55.370007
8301,265,14357,300,5999,True,608149,3.200172185897827,1,9,26,43,1,66,122,99,0,-57,-96,-56,Alzheimer's Disease,PICALM,2025-11-28T22:58:58.570770
116,29,3745,300,4573,True,192301,0.9899618625640869,1,51,134,124,2,36,134,124,-1,15,0,0,Alzheimer's Disease,ADCYAP1,2025-11-28T22:58:59.561285
4214,151,12498,300,4863,True,239482,2.6728971004486084,1,43,104,187,1,47,93,152,0,-4,11,35,Alzheimer's Disease,MAP3K1,2025-11-28T22:59:02.234719
8312,147,12548,300,4614,True,127054,2.4416451454162598,1,50,134,97,1,95,155,86,0,-45,-21,11,Alzheimer's Disease,AXIN1,2025-11-28T22:59:04.676948
114815,3,2260,300,5680,True,529426,0.960230827331543,1,7,2,8,1,5,2,8,0,2,0,0,Alzheimer's Disease,SORCS1,2025-11-28T22:59:05.637781
4223,694,13780,300,1400,True,14746,2.578547954559326,1,0,0,0,2,283,3,0,-1,-283,-3,0,Alzheimer's Disease,MEOX2,2025-11-28T22:59:08.217244
8325,33,2642,300,2442,True,58835,0.44042229652404785,1,63,18,2,1,50,18,2,0,13,0,0,Alzheimer's Disease,FZD8,2025-11-28T22:59:08.658387
135,23,3250,300,4679,True,415303,1.1968047618865967,1,66,111,79,1,53,111,79,0,13,0,0,Alzheimer's Disease,ADORA2A,2025-11-28T22:59:09.855750
2185,77,10297,300,2984,True,71831,2.10528302192688,1,32,50,24,1,42,49,21,0,-10,1,3,Alzheimer's Disease,PTK2B,2025-11-28T22:59:11.961564
6285,171,9546,300,2135,True,196582,2.1262221336364746,1,125,91,0,1,173,53,0,0,-48,38,0,Alzheimer's Disease,S100B,2025-11-28T22:59:14.088301
729230,41,5742,300,1507,True,11597,1.0128741264343262,1,36,7,0,1,24,7,0,0,12,0,0,Alzheimer's Disease,CCR2,2025-11-28T22:59:15.101918
6288,47,3532,300,7111,True,2771899,4.99816107749939,1,40,10,9,1,19,9,9,0,21,1,0,Alzheimer's Disease,SAA1,2025-11-28T22:59:20.100690
4241,73,9609,300,2041,True,11033,1.9161529541015625,1,181,59,5,1,195,48,5,0,-14,11,0,Alzheimer's Disease,MFI2,2025-11-28T22:59:22.017364
154,324,13890,300,3475,True,150149,2.6156721115112305,1,0,0,0,1,76,91,37,0,-76,-91,-37,Alzheimer's Disease,ADRB2,2025-11-28T22:59:24.633642
156,86,11141,300,5743,True,1063155,3.4629650115966797,1,16,28,41,1,20,23,35,0,-4,5,6,Alzheimer's Disease,ADRBK1,2025-11-28T22:59:28.097194
6300,62,9681,300,5063,True,344173,2.3499488830566406,1,61,60,65,1,62,54,61,0,-1,6,4,Alzheimer's Disease,MAPK12,2025-11-28T22:59:30.447730
160,292,15377,300,6822,True,1018750,3.756152868270874,1,3,5,5,1,27,119,152,0,-24,-114,-147,Alzheimer's Disease,AP2A1,2025-11-28T22:59:34.204925
2213,15,2824,300,3606,True,80395,0.580855131149292,1,85,129,75,1,83,127,75,0,2,2,0,Alzheimer's Disease,FCGR2B,2025-11-28T22:59:34.786459
6310,469,14787,300,2154,True,24138,2.653377056121826,1,0,0,0,1,152,56,6,0,-152,-56,-6,Alzheimer's Disease,ATXN1,2025-11-28T22:59:37.440316
177,19,6288,300,1716,True,16113,1.1448566913604736,1,23,10,2,1,22,9,2,0,1,1,0,Alzheimer's Disease,AGER,2025-11-28T22:59:38.585711
183,27,9286,300,3041,True,51146,1.976140022277832,1,81,102,56,1,79,101,56,0,2,1,0,Alzheimer's Disease,AGT,2025-11-28T22:59:40.562351
6342,68,11021,300,5285,True,721116,3.0767159461975098,1,9,14,12,1,8,20,8,0,1,-6,4,Alzheimer's Disease,SCP2,2025-11-28T22:59:43.639635
2247,45,8169,300,6402,True,755900,2.705745220184326,1,18,35,28,1,18,25,28,0,0,10,0,Alzheimer's Disease,FGF2,2025-11-28T22:59:46.346046
203,63,10750,300,2297,True,37937,2.3589799404144287,1,27,80,45,1,26,72,24,0,1,8,21,Alzheimer's Disease,AK1,2025-11-28T22:59:48.705757
8398,23,8974,300,4752,True,210748,2.0497539043426514,1,36,59,60,1,32,59,60,0,4,0,0,Alzheimer's Disease,PLA2G6,2025-11-28T22:59:50.755961
207,578,16232,300,6038,True,751488,3.676815986633301,1,0,0,0,1,33,97,75,0,-33,-97,-75,Alzheimer's Disease,AKT1,2025-11-28T22:59:54.433354
57551,57,10785,300,6184,True,1457048,4.174330949783325,1,18,26,34,1,20,23,33,0,-2,3,1,Alzheimer's Disease,TAOK1,2025-11-28T22:59:58.608335
4311,136,11775,300,4576,True,399215,2.9203453063964844,1,13,34,37,1,26,22,24,0,-13,12,13,Alzheimer's Disease,MME,2025-11-28T23:00:01.530463
4313,57,6969,300,2496,True,21288,1.3971877098083496,1,126,116,23,1,118,111,23,0,8,5,0,Alzheimer's Disease,MMP2,2025-11-28T23:00:02.928167
4314,20,4800,300,5791,True,4082218,7.301310062408447,1,86,21,14,1,85,21,14,0,1,0,0,Alzheimer's Disease,MMP3,2025-11-28T23:00:10.230017
4318,38,4020,300,7319,True,3340938,6.388268709182739,1,42,12,2,1,34,12,2,0,8,0,0,Alzheimer's Disease,MMP9,2025-11-28T23:00:16.619852
2280,110,11664,300,3206,True,87079,2.3600521087646484,1,63,131,63,1,75,123,54,0,-12,8,9,Alzheimer's Disease,FKBP1A,2025-11-28T23:00:18.980481
6376,70,5034,300,2417,True,12016,0.899777889251709,1,346,128,9,1,327,118,9,0,19,10,0,Alzheimer's Disease,CX3CL1,2025-11-28T23:00:19.880798
2288,277,14881,300,6082,True,1043631,3.8313558101654053,1,9,7,14,1,42,79,68,0,-33,-72,-54,Alzheimer's Disease,FKBP4,2025-11-28T23:00:23.712782
2289,416,15041,300,4404,True,315721,3.0106959342956543,1,0,0,0,1,61,46,37,0,-61,-46,-37,Alzheimer's Disease,FKBP5,2025-11-28T23:00:26.724263
240,73,8279,300,3943,True,298489,1.9135301113128662,1,79,79,19,2,63,71,19,-1,16,8,0,Alzheimer's Disease,ALOX5,2025-11-28T23:00:28.640139
6387,30,3947,300,3891,True,340071,1.0616090297698975,1,17,10,0,1,15,10,0,0,2,0,0,Alzheimer's Disease,CXCL12,2025-11-28T23:00:29.703575
246,11,2234,300,4040,True,103430,0.5310049057006836,1,120,90,75,1,111,90,75,0,9,0,0,Alzheimer's Disease,ALOX15,2025-11-28T23:00:30.235270
51451,28,9035,300,5563,True,644311,2.8167779445648193,1,28,103,39,1,25,99,39,0,3,4,0,Alzheimer's Disease,LCMT1,2025-11-28T23:00:33.052661
8445,167,12237,300,3462,True,207417,2.6750710010528564,1,55,90,26,1,83,67,11,0,-28,23,15,Alzheimer's Disease,DYRK2,2025-11-28T23:00:35.728342
10494,101,10985,300,2322,True,37498,2.450784921646118,1,82,75,13,1,98,61,12,0,-16,14,1,Alzheimer's Disease,STK25,2025-11-28T23:00:38.179739
6416,63,11531,300,6152,True,1097716,3.796086072921753,1,31,88,110,1,34,86,97,0,-3,2,13,Alzheimer's Disease,MAP2K4,2025-11-28T23:00:41.976582
273,53,7241,300,6401,True,831687,2.70922589302063,1,24,55,51,1,27,52,50,0,-3,3,1,Alzheimer's Disease,AMPH,2025-11-28T23:00:44.686973
6418,285,15323,300,6492,True,1021640,4.117857933044434,1,3,3,10,1,44,67,148,0,-41,-64,-138,Alzheimer's Disease,SET,2025-11-28T23:00:48.805684
274,104,12374,300,2751,True,61413,2.6051528453826904,1,38,34,55,1,45,34,41,0,-7,0,14,Alzheimer's Disease,BIN1,2025-11-28T23:00:51.412907
10513,193,10417,300,1301,True,7439,2.15042781829834,1,93,23,0,1,86,8,0,0,7,15,0,Alzheimer's Disease,APPBP2,2025-11-28T23:00:53.563952
6423,24,3361,300,2608,True,40823,0.7551839351654053,1,91,33,16,1,82,31,16,0,9,2,0,Alzheimer's Disease,SFRP2,2025-11-28T23:00:54.319658
8473,954,17040,300,6136,True,1197874,4.473938941955566,1,0,0,0,1,39,64,66,0,-39,-64,-66,Alzheimer's Disease,OGT,2025-11-28T23:00:58.794463
6446,66,9956,300,4132,True,210121,2.465094804763794,1,50,108,42,1,59,97,41,0,-9,11,1,Alzheimer's Disease,SGK1,2025-11-28T23:01:01.260458
308,219,13799,300,6173,True,704698,3.528571128845215,1,9,44,120,1,27,82,152,0,-18,-38,-32,Alzheimer's Disease,ANXA5,2025-11-28T23:01:04.790597
2358,136,5412,300,1874,True,5530,1.0932998657226562,1,238,104,0,1,322,85,0,0,-84,19,0,Alzheimer's Disease,FPR2,2025-11-28T23:01:05.884707
55611,348,14422,300,5440,True,400804,3.5266289710998535,1,0,0,0,1,59,128,167,0,-59,-128,-167,Alzheimer's Disease,OTUB1,2025-11-28T23:01:09.411925
322,190,13191,300,5022,True,385300,3.229491949081421,1,21,36,37,1,44,57,52,0,-23,-21,-15,Alzheimer's Disease,APBB1,2025-11-28T23:01:12.643155
323,79,10998,300,2209,True,29838,2.2909088134765625,1,41,48,6,1,46,43,5,0,-5,5,1,Alzheimer's Disease,APBB2,2025-11-28T23:01:14.934714
325,26,5591,300,1680,True,15509,1.0453529357910156,1,26,19,1,1,19,19,1,0,7,0,0,Alzheimer's Disease,APCS,2025-11-28T23:01:15.980629
6477,214,11743,300,2981,True,44890,2.5152859687805176,1,42,117,12,1,148,78,7,0,-106,39,5,Alzheimer's Disease,SIAH1,2025-11-28T23:01:18.496481
335,180,11117,300,2317,True,26110,2.338937759399414,1,60,108,10,1,118,119,5,0,-58,-11,5,Alzheimer's Disease,APOA1,2025-11-28T23:01:20.836286
337,19,5632,300,3716,True,210797,1.33085298538208,1,19,14,9,1,13,13,9,0,6,1,0,Alzheimer's Disease,APOA4,2025-11-28T23:01:22.167770
344,39,4781,300,3187,True,148447,1.0684242248535156,1,48,10,0,1,35,8,0,0,13,2,0,Alzheimer's Disease,APOC2,2025-11-28T23:01:23.236871
8536,87,10685,300,5719,True,624227,3.1864161491394043,1,54,87,128,1,45,63,124,0,9,24,4,Alzheimer's Disease,CAMK1,2025-11-28T23:01:26.423983
348,162,12695,300,3883,True,720550,3.3680529594421387,1,33,37,16,1,60,45,16,0,-27,-8,0,Alzheimer's Disease,APOE,2025-11-28T23:01:29.793646
351,2367,18023,300,1500,True,15857,3.0711820125579834,1,0,0,0,1,126,7,0,0,-126,-7,0,Alzheimer's Disease,APP,2025-11-28T23:01:32.865498
355,352,13750,300,2057,True,18312,2.90830397605896,1,0,0,0,1,170,67,3,0,-170,-67,-3,Alzheimer's Disease,FAS,2025-11-28T23:01:35.774648
356,92,6608,300,1724,True,11476,1.5211668014526367,1,74,9,0,2,92,9,0,-1,-18,0,0,Alzheimer's Disease,FASLG,2025-11-28T23:01:37.296698
84335,29,8600,300,6391,True,863625,3.0812580585479736,1,6,30,42,1,5,29,42,0,1,1,0,Alzheimer's Disease,AKT1S1,2025-11-28T23:01:40.378645
372,237,15059,300,6995,True,1131008,4.470713138580322,1,14,58,88,1,32,124,137,0,-18,-66,-49,Alzheimer's Disease,ARCN1,2025-11-28T23:01:44.850497
10615,180,12111,300,3341,True,48386,2.4778428077697754,1,47,58,55,1,138,121,64,0,-91,-63,-9,Alzheimer's Disease,SPAG5,2025-11-28T23:01:47.329850
26999,165,13466,300,5450,True,538502,3.405690908432007,1,28,52,83,1,45,68,91,0,-17,-16,-8,Alzheimer's Disease,CYFIP2,2025-11-28T23:01:50.736294
55679,20,5604,300,1678,True,13855,0.9753158092498779,1,41,13,0,1,39,11,0,0,2,2,0,Alzheimer's Disease,LIMS2,2025-11-28T23:01:51.712723
55690,45,10811,300,4154,True,90815,2.5336430072784424,1,57,174,156,1,62,167,152,0,-5,7,4,Alzheimer's Disease,PACS1,2025-11-28T23:01:54.247525
4504,8,2681,300,6490,True,1339262,2.3768551349639893,1,1,3,5,1,0,3,5,0,1,0,0,Alzheimer's Disease,MT3,2025-11-28T23:01:56.625052
22943,23,6794,300,4773,True,178780,1.8580448627471924,1,16,7,7,1,10,7,7,0,6,0,0,Alzheimer's Disease,DKK1,2025-11-28T23:01:58.484469
2475,327,15145,300,5073,True,477027,3.3077290058135986,1,0,0,0,1,119,105,81,0,-119,-105,-81,Alzheimer's Disease,MTOR,2025-11-28T23:03:09.005203
29108,81,7854,300,2986,True,45985,1.8137478828430176,1,125,103,24,1,133,100,24,0,-8,3,0,Alzheimer's Disease,PYCARD,2025-11-28T23:03:10.819754
2487,12,4252,300,7656,True,2018167,3.550082206726074,1,15,12,18,1,7,12,18,0,8,0,0,Alzheimer's Disease,FRZB,2025-11-28T23:03:14.370719
158135,7,4763,300,7106,True,3049585,5.225369691848755,1,15,59,66,1,13,59,66,0,2,0,0,Alzheimer's Disease,TTLL11,2025-11-28T23:03:19.597004
55737,263,14497,300,5150,True,356694,2.998757839202881,1,10,37,70,1,69,151,120,0,-59,-114,-50,Alzheimer's Disease,VPS35,2025-11-28T23:03:22.596458
57787,72,10499,300,4912,True,337974,2.6446049213409424,1,29,54,58,1,35,41,45,0,-6,13,13,Alzheimer's Disease,MARK4,2025-11-28T23:03:25.241784
8650,218,14281,300,5798,True,561138,3.252368927001953,1,22,88,98,1,37,150,140,0,-15,-62,-42,Alzheimer's Disease,NUMB,2025-11-28T23:03:28.494810
51667,53,11504,300,5587,True,390670,2.826007127761841,1,9,58,75,1,9,58,74,0,0,0,1,Alzheimer's Disease,NUB1,2025-11-28T23:03:31.321611
468,93,10037,300,2152,True,22835,2.2096147537231445,1,67,77,16,1,78,66,14,0,-11,11,2,Alzheimer's Disease,ATF4,2025-11-28T23:03:33.531998
27102,27,6532,300,4330,True,611385,2.1378629207611084,1,84,65,16,1,80,61,16,0,4,4,0,Alzheimer's Disease,EIF2AK1,2025-11-28T23:03:35.670568
6622,989,16834,300,4383,True,291875,3.063426971435547,1,0,0,0,1,54,79,69,0,-54,-79,-69,Alzheimer's Disease,SNCA,2025-11-28T23:03:38.734665
84447,327,14002,300,3768,True,186775,2.90346097946167,1,0,0,0,1,109,81,34,0,-109,-81,-34,Alzheimer's Disease,SYVN1,2025-11-28T23:03:41.638857
84446,35,6941,300,5685,True,432008,2.0990262031555176,1,25,57,121,1,23,47,121,0,2,10,0,Alzheimer's Disease,BRSK1,2025-11-28T23:03:43.738565
2534,370,14099,300,3868,True,158661,2.995603084564209,1,0,0,0,1,120,109,67,0,-120,-109,-67,Alzheimer's Disease,FYN,2025-11-28T23:03:46.734957
8678,198,13475,300,4685,True,213484,2.859513998031616,1,28,80,118,1,61,121,126,0,-33,-41,-8,Alzheimer's Disease,BECN1,2025-11-28T23:03:49.595190
10728,434,14913,300,4429,True,268644,3.1318461894989014,1,0,0,0,1,85,100,54,0,-85,-100,-54,Alzheimer's Disease,PTGES3,2025-11-28T23:03:52.727713
2550,42,5799,300,3217,True,154737,1.2612640857696533,1,33,12,15,1,37,12,15,0,-4,0,0,Alzheimer's Disease,GABBR1,2025-11-28T23:03:53.989867
6647,420,14691,300,5108,True,322811,3.1621758937835693,1,0,0,0,1,55,151,168,0,-55,-151,-168,Alzheimer's Disease,SOD1,2025-11-28T23:03:57.152724
6653,133,11896,300,1853,True,24300,2.3910200595855713,1,104,68,7,1,101,56,7,0,3,12,0,Alzheimer's Disease,SORL1,2025-11-28T23:03:59.544454
4609,2982,18719,300,5312,True,309476,3.2696969509124756,1,0,0,0,1,34,105,69,0,-34,-105,-69,Alzheimer's Disease,MYC,2025-11-28T23:04:02.814831
4613,1370,17061,300,5877,True,726154,3.652677297592163,1,0,0,0,1,53,132,115,0,-53,-132,-115,Alzheimer's Disease,MYCN,2025-11-28T23:04:06.468200
6667,339,14742,300,5764,True,624553,3.414257049560547,1,0,0,0,1,42,78,53,0,-42,-78,-53,Alzheimer's Disease,SP1,2025-11-28T23:04:09.883001
23057,23,6677,300,2040,True,20099,1.2734661102294922,1,98,41,1,1,91,40,1,0,7,1,0,Alzheimer's Disease,NMNAT2,2025-11-28T23:04:11.157013
55829,60,8273,300,3865,True,159422,1.890028953552246,1,41,64,24,1,43,58,20,0,-2,6,4,Alzheimer's Disease,VIMP,2025-11-28T23:04:13.047630
8728,34,3971,300,3989,True,194578,0.8954050540924072,1,39,14,4,1,22,14,4,0,17,0,0,Alzheimer's Disease,ADAM19,2025-11-28T23:04:13.943603
51738,17,3279,300,4571,True,841836,1.5363130569458008,1,99,49,18,1,90,49,18,0,9,0,0,Alzheimer's Disease,GHRL,2025-11-28T23:04:15.480568
6683,82,11738,300,4840,True,362237,2.799345016479492,1,20,71,150,1,21,58,117,0,-1,13,33,Alzheimer's Disease,SPAST,2025-11-28T23:04:18.280663
51741,619,15618,300,4215,True,350813,3.1906261444091797,1,0,0,0,1,71,60,21,0,-71,-60,-21,Alzheimer's Disease,WWOX,2025-11-28T23:04:21.471902
10787,197,14066,300,5916,True,731559,3.3501079082489014,1,24,60,60,1,37,91,82,0,-13,-31,-22,Alzheimer's Disease,NCKAP1,2025-11-28T23:04:24.822587
55851,79,7272,300,6281,True,655172,2.343928098678589,1,120,145,136,1,113,128,136,0,7,17,0,Alzheimer's Disease,PSENEN,2025-11-28T23:04:27.167910
8754,115,11172,300,2696,True,32038,2.263075113296509,1,75,64,21,1,120,58,17,0,-45,6,4,Alzheimer's Disease,ADAM9,2025-11-28T23:04:29.431520
23093,48,8513,300,1852,True,9057,1.7756450176239014,1,145,122,2,1,137,115,2,0,8,7,0,Alzheimer's Disease,TTLL5,2025-11-28T23:04:31.207670
10808,442,15843,300,9106,True,3887427,8.36412000656128,1,0,0,0,1,7,39,71,0,-7,-39,-71,Alzheimer's Disease,HSPH1,2025-11-28T23:04:39.572423
6714,533,15948,300,4020,True,135408,2.9314117431640625,1,0,0,0,1,84,136,97,0,-84,-136,-97,Alzheimer's Disease,SRC,2025-11-28T23:04:42.504389
573,473,15222,300,5678,True,857076,3.497549057006836,1,0,0,0,1,38,73,88,0,-38,-73,-88,Alzheimer's Disease,BAG1,2025-11-28T23:04:46.002593
4671,10,3003,300,1926,True,12287,0.43254685401916504,1,19,14,6,1,13,14,6,0,6,0,0,Alzheimer's Disease,NAIP,2025-11-28T23:04:46.435700
6721,131,12039,300,3372,True,97993,2.4268221855163574,1,34,29,26,1,89,26,17,0,-55,3,9,Alzheimer's Disease,SREBF2,2025-11-28T23:04:48.863097
6733,716,16017,300,4676,True,729834,3.542382001876831,1,0,0,0,1,51,53,41,0,-51,-53,-41,Alzheimer's Disease,SRPK2,2025-11-28T23:04:52.406630
590,62,7553,300,3687,True,287276,1.9355738162994385,1,127,50,19,1,126,49,19,0,1,1,0,Alzheimer's Disease,BCHE,2025-11-28T23:04:54.343983
150094,60,10693,300,3758,True,97976,2.276432991027832,1,49,94,72,1,47,84,72,0,2,10,0,Alzheimer's Disease,SIK1,2025-11-28T23:04:56.620977
2641,25,2950,300,4787,True,661590,1.2837550640106201,1,63,68,33,1,53,68,33,0,10,0,0,Alzheimer's Disease,GCG,2025-11-28T23:04:57.905449
598,189,13098,300,3641,True,80599,2.6408369541168213,1,61,144,120,1,100,169,87,0,-39,-25,33,Alzheimer's Disease,BCL2L1,2025-11-28T23:05:00.572097
2648,174,11347,300,5726,True,394929,2.7879600524902344,1,36,119,119,1,42,116,104,0,-6,3,15,Alzheimer's Disease,KAT2A,2025-11-28T23:05:03.360964
219736,14,3353,300,7934,True,3837086,6.620750188827515,1,13,8,1,1,4,8,1,0,9,0,0,Alzheimer's Disease,STOX1,2025-11-28T23:05:09.982399
84570,9,6010,300,1719,True,15706,1.0449230670928955,1,4,3,0,1,2,3,0,0,2,0,0,Alzheimer's Disease,COL25A1,2025-11-28T23:05:11.027875
6750,2,36,36,78,False,176,0.0025131702423095703,1,5,0,0,1,4,0,0,0,1,0,0,Alzheimer's Disease,SST,2025-11-28T23:05:11.031070
10858,4,1090,300,5801,True,3824827,5.947885036468506,1,4,0,0,1,2,0,0,0,2,0,0,Alzheimer's Disease,CYP46A1,2025-11-28T23:05:16.979308
623,31,2969,300,4955,True,369665,1.0230917930603027,1,96,62,60,1,83,61,60,0,13,1,0,Alzheimer's Disease,BDKRB1,2025-11-28T23:05:18.003066
627,42,8051,300,2843,True,62485,1.5788989067077637,1,274,85,13,1,265,83,13,0,9,2,0,Alzheimer's Disease,BDNF,2025-11-28T23:05:19.582580
642,130,13626,300,5805,True,451570,3.00313401222229,1,29,87,108,1,39,95,116,0,-10,-8,-8,Alzheimer's Disease,BLMH,2025-11-28T23:05:22.586354
146057,20,6743,300,4555,True,200382,1.609374761581421,1,17,25,57,1,14,23,57,0,3,2,0,Alzheimer's Disease,TTBK2,2025-11-28T23:05:24.196435
6794,264,13495,300,2993,True,124028,2.6600279808044434,1,20,58,15,1,123,47,5,0,-103,11,10,Alzheimer's Disease,STK11,2025-11-28T23:05:26.857836
197259,54,7965,300,4278,True,151872,1.888056755065918,1,42,104,81,1,34,90,81,0,8,14,0,Alzheimer's Disease,MLKL,2025-11-28T23:05:28.746458
8851,54,9761,300,5326,True,448120,2.505871295928955,1,43,43,21,1,40,33,20,0,3,10,1,Alzheimer's Disease,CDK5R1,2025-11-28T23:05:31.252966
84630,24,6022,300,5453,True,330710,1.7405750751495361,1,41,102,170,1,37,98,170,0,4,4,0,Alzheimer's Disease,TTBK1,2025-11-28T23:05:32.994221
6812,135,12609,300,4243,True,326099,2.8350441455841064,1,21,55,61,1,41,55,51,0,-20,0,10,Alzheimer's Disease,STXBP1,2025-11-28T23:05:35.829936
4780,159,11924,300,3934,True,147557,2.4721789360046387,1,37,85,49,1,55,81,43,0,-18,4,6,Alzheimer's Disease,NFE2L2,2025-11-28T23:05:38.302879
8877,34,6761,300,3820,True,110108,1.5443179607391357,1,92,104,29,1,84,100,29,0,8,4,0,Alzheimer's Disease,SPHK1,2025-11-28T23:05:39.847936
8878,1219,17592,300,5292,True,329265,3.1470158100128174,1,0,0,0,1,64,173,122,0,-64,-173,-122,Alzheimer's Disease,SQSTM1,2025-11-28T23:05:42.995763
8883,94,11902,300,6550,True,1569963,4.451069116592407,1,19,19,39,1,23,20,33,0,-4,-1,6,Alzheimer's Disease,NAE1,2025-11-28T23:05:47.447546
2740,119,6839,300,1506,True,5360,1.3050189018249512,1,206,48,0,2,188,45,0,-1,18,3,0,Alzheimer's Disease,GLP1R,2025-11-28T23:05:48.753756
10939,349,15367,300,7396,True,2298781,5.385055065155029,1,0,0,0,1,26,94,105,0,-26,-94,-105,Alzheimer's Disease,AFG3L2,2025-11-28T23:05:54.139484
2752,140,13556,300,5730,True,624699,3.2320661544799805,1,36,85,166,1,54,79,147,0,-18,6,19,Alzheimer's Disease,GLUL,2025-11-28T23:05:57.372293
6850,223,12282,300,3988,True,83171,2.544132947921753,1,17,134,139,2,62,197,85,-1,-45,-63,54,Alzheimer's Disease,SYK,2025-11-28T23:05:59.917054
4803,9,2863,300,2201,True,13812,0.5490460395812988,1,112,136,5,1,110,136,5,0,2,0,0,Alzheimer's Disease,NGF,2025-11-28T23:06:00.466665
4804,59,8617,300,3872,True,162622,1.9909329414367676,1,90,176,112,1,90,169,112,0,0,7,0,Alzheimer's Disease,NGFR,2025-11-28T23:06:02.458172
712,60,6831,300,2825,True,33867,1.5632867813110352,1,109,123,20,1,97,120,20,0,12,3,0,Alzheimer's Disease,C1QA,2025-11-28T23:06:04.021987
713,81,8137,300,5492,True,701350,2.563573122024536,1,56,36,62,1,51,32,62,0,5,4,0,Alzheimer's Disease,C1QB,2025-11-28T23:06:06.586268
714,27,5658,300,3004,True,46663,1.2171101570129395,1,74,116,29,1,68,116,29,0,6,0,0,Alzheimer's Disease,C1QC,2025-11-28T23:06:07.804422
6868,57,10004,300,4168,True,172621,2.392500162124634,1,61,85,63,1,62,81,63,0,-1,4,0,Alzheimer's Disease,ADAM17,2025-11-28T23:06:10.197492
727,33,6005,300,2315,True,16721,1.2584168910980225,1,103,201,3,1,98,198,3,0,5,3,0,Alzheimer's Disease,C5,2025-11-28T23:06:11.456487
10971,1095,17599,300,4875,True,471029,3.302415132522583,1,0,0,0,1,52,34,29,0,-52,-34,-29,Alzheimer's Disease,YWHAQ,2025-11-28T23:06:14.760173
10972,268,13847,300,5703,True,519743,3.1202127933502197,1,6,24,61,1,47,106,147,0,-41,-82,-86,Alzheimer's Disease,TMED10,2025-11-28T23:06:17.881082
4842,35,6000,300,4530,True,762592,2.215299129486084,1,84,86,23,1,78,85,23,0,6,1,0,Alzheimer's Disease,NOS1,2025-11-28T23:06:20.097058
10987,1081,17124,300,4579,True,485495,3.2188880443573,1,0,0,0,1,31,28,15,0,-31,-28,-15,Alzheimer's Disease,COPS5,2025-11-28T23:06:23.316848
4846,50,9343,300,3906,True,130821,2.0733602046966553,1,61,136,73,1,60,126,73,0,1,10,0,Alzheimer's Disease,NOS3,2025-11-28T23:06:25.390883
4851,341,15084,300,3894,True,134506,2.7742631435394287,1,0,0,0,1,99,189,72,0,-99,-189,-72,Alzheimer's Disease,NOTCH1,2025-11-28T23:06:28.165675
11021,565,14827,300,6111,True,808544,3.631679058074951,1,0,0,0,1,27,96,45,0,-27,-96,-45,Alzheimer's Disease,RAB35,2025-11-28T23:06:31.797991
2833,10,1303,300,7302,True,1501339,2.1849727630615234,1,3,0,0,2,1,0,0,-1,2,0,0,Alzheimer's Disease,CXCR3,2025-11-28T23:06:33.984059
796,14,1472,300,2829,True,53559,0.26379966735839844,1,118,77,22,1,109,77,22,0,9,0,0,Alzheimer's Disease,CALCA,2025-11-28T23:06:34.248515
801,562,15501,300,4425,True,184649,2.9147379398345947,1,0,0,0,1,121,160,315,0,-121,-160,-315,Alzheimer's Disease,CALM1,2025-11-28T23:06:37.163870
27429,259,13323,300,4327,True,226178,2.8742799758911133,1,16,36,130,1,47,77,105,0,-31,-41,25,Alzheimer's Disease,HTRA2,2025-11-28T23:06:40.038751
811,402,16115,300,6553,True,988507,3.8169360160827637,1,0,0,0,1,37,95,200,0,-37,-95,-200,Alzheimer's Disease,CALR,2025-11-28T23:06:43.856607
58157,159,11274,300,4826,True,450003,2.8389551639556885,1,29,36,44,1,34,13,14,0,-5,23,30,Alzheimer's Disease,NGB,2025-11-28T23:06:46.696248
815,218,12431,300,3241,True,132569,2.538219690322876,1,35,67,39,1,79,74,25,0,-44,-7,14,Alzheimer's Disease,CAMK2A,2025-11-28T23:06:49.235311
2869,174,11050,300,5051,True,186557,2.650390625,1,27,219,377,1,42,175,332,0,-15,44,45,Alzheimer's Disease,GRK5,2025-11-28T23:06:51.886342
823,193,13969,300,4304,True,317782,2.8428497314453125,1,66,78,106,1,99,114,139,0,-33,-36,-33,Alzheimer's Disease,CAPN1,2025-11-28T23:06:54.730179
824,152,13196,300,4451,True,274328,2.8525390625,1,46,91,132,1,71,101,131,0,-25,-10,1,Alzheimer's Disease,CAPN2,2025-11-28T23:06:57.583442
4921,127,11322,300,3835,True,99444,2.360353946685791,1,34,89,54,1,36,104,37,0,-2,-15,17,Alzheimer's Disease,DDR2,2025-11-28T23:06:59.944408
9024,37,8438,300,3650,True,89289,1.8474249839782715,1,30,148,8,1,29,130,8,0,1,18,0,Alzheimer's Disease,BRSK2,2025-11-28T23:07:01.792523
834,70,10473,300,5698,True,667149,2.95676589012146,1,14,33,48,1,19,28,35,0,-5,5,13,Alzheimer's Disease,CASP1,2025-11-28T23:07:04.750203
835,47,10193,300,2752,True,57777,2.1284639835357666,1,34,34,18,1,35,36,18,0,-1,-2,0,Alzheimer's Disease,CASP2,2025-11-28T23:07:06.880011
836,128,12597,300,3278,True,117128,2.5613458156585693,1,40,68,74,1,54,87,57,0,-14,-19,17,Alzheimer's Disease,CASP3,2025-11-28T23:07:09.441980
2885,730,16571,300,2968,True,83838,2.889699935913086,1,0,0,0,2,91,54,16,-1,-91,-54,-16,Alzheimer's Disease,GRB2,2025-11-28T23:07:12.332239
837,48,6819,300,2897,True,53152,1.4994091987609863,1,72,124,101,2,65,110,101,-1,7,14,0,Alzheimer's Disease,CASP4,2025-11-28T23:07:13.832250
839,36,9509,300,3865,True,98677,2.096748113632202,1,38,96,164,1,35,89,162,0,3,7,2,Alzheimer's Disease,CASP6,2025-11-28T23:07:15.929616
11079,186,12928,300,4273,True,164426,2.6052610874176025,1,24,51,39,1,112,138,52,0,-88,-87,-13,Alzheimer's Disease,RER1,2025-11-28T23:07:18.535722
841,171,12182,300,4485,True,186414,2.654829978942871,1,39,69,65,1,56,85,57,0,-17,-16,8,Alzheimer's Disease,CASP8,2025-11-28T23:07:21.191179
840,64,10704,300,5615,True,594973,2.860718011856079,1,20,72,123,1,24,69,114,0,-4,3,9,Alzheimer's Disease,CASP7,2025-11-28T23:07:24.052582
54103,6,3272,300,1551,True,15574,0.48039889335632324,1,6,2,0,1,4,2,0,0,2,0,0,Alzheimer's Disease,GSAP,2025-11-28T23:07:24.533671
2904,72,10146,300,2649,True,37763,2.1594178676605225,1,113,95,26,1,115,97,22,0,-2,-2,4,Alzheimer's Disease,GRIN2B,2025-11-28T23:07:26.693728
23385,186,13594,300,4755,True,321405,2.9167370796203613,1,18,63,42,1,50,94,53,0,-32,-31,-11,Alzheimer's Disease,NCSTN,2025-11-28T23:07:29.611194
54106,69,8211,300,5760,True,581282,2.5638978481292725,1,34,88,48,1,32,69,48,0,2,19,0,Alzheimer's Disease,TLR9,2025-11-28T23:07:32.175758
2903,64,7664,300,4806,True,383031,1.9027149677276611,1,36,32,11,1,31,26,11,0,5,6,0,Alzheimer's Disease,GRIN2A,2025-11-28T23:07:34.079253
2908,949,16126,300,3923,True,214634,2.9880220890045166,1,0,0,0,1,80,71,32,0,-80,-71,-32,Alzheimer's Disease,NR3C1,2025-11-28T23:07:37.068314
2919,22,5276,300,3638,True,83105,1.2010853290557861,1,45,85,85,1,42,82,85,0,3,3,0,Alzheimer's Disease,CXCL1,2025-11-28T23:07:38.269973
23411,394,14614,300,5518,True,567238,3.225324869155884,1,0,0,0,1,44,64,68,0,-44,-64,-68,Alzheimer's Disease,SIRT1,2025-11-28T23:07:41.496031
2932,826,16665,300,3783,True,202019,2.9179069995880127,1,0,0,0,1,79,93,36,0,-79,-93,-36,Alzheimer's Disease,GSK3B,2025-11-28T23:07:44.414675
2931,457,14333,300,5454,True,1042885,3.695720911026001,1,0,0,0,1,40,68,32,0,-40,-68,-32,Alzheimer's Disease,GSK3A,2025-11-28T23:07:48.111170
64374,74,9657,300,2231,True,19828,2.035217046737671,1,135,97,36,1,143,92,36,0,-8,5,0,Alzheimer's Disease,SIL1,2025-11-28T23:07:50.147491
7040,298,14343,300,4114,True,349787,2.8674800395965576,1,1,4,0,1,135,106,127,0,-134,-102,-127,Alzheimer's Disease,TGFB1,2025-11-28T23:07:53.015651
11140,638,16129,300,5500,True,821191,3.6560912132263184,1,0,0,0,1,76,53,54,0,-76,-53,-54,Alzheimer's Disease,CDC37,2025-11-28T23:07:56.672441
2950,207,14531,300,5339,True,447379,3.1913139820098877,1,22,67,145,1,45,89,160,0,-23,-22,-15,Alzheimer's Disease,GSTP1,2025-11-28T23:07:59.864516
11160,275,14348,300,5091,True,363462,2.9747698307037354,1,6,23,7,1,63,158,98,0,-57,-135,-91,Alzheimer's Disease,ERLIN2,2025-11-28T23:08:02.840146
7072,104,12822,300,5799,True,467112,3.0182831287384033,1,12,57,113,1,14,61,94,0,-2,-4,19,Alzheimer's Disease,TIA1,2025-11-28T23:08:05.859190
5027,18,4996,300,3298,True,666727,1.5577340126037598,1,171,27,0,1,163,27,0,0,8,0,0,Alzheimer's Disease,P2RX7,2025-11-28T23:08:07.417630
948,29,5321,300,2819,True,75979,1.0501008033752441,1,72,74,27,1,64,74,27,0,8,0,0,Alzheimer's Disease,CD36,2025-11-28T23:08:08.468371
949,113,12325,300,4870,True,517185,2.9690890312194824,1,24,33,44,1,35,36,39,0,-11,-3,5,Alzheimer's Disease,SCARB1,2025-11-28T23:08:11.438084
5045,236,12409,300,3193,True,79066,2.479300022125244,1,20,39,15,1,65,53,4,0,-45,-14,11,Alzheimer's Disease,FURIN,2025-11-28T23:08:13.918051
7097,39,5542,300,3344,True,89928,1.3121769428253174,1,109,32,5,1,102,30,5,0,7,2,0,Alzheimer's Disease,TLR2,2025-11-28T23:08:15.230846
958,141,9744,300,2873,True,42230,2.066697120666504,1,74,104,41,1,98,67,41,0,-24,37,0,Alzheimer's Disease,CD40,2025-11-28T23:08:17.298101
11200,219,13195,300,4961,True,315712,2.9174749851226807,1,28,62,62,1,70,69,52,0,-42,-7,10,Alzheimer's Disease,CHEK2,2025-11-28T23:08:20.216318
5058,190,13093,300,4677,True,199293,2.7069060802459717,1,26,52,81,1,36,81,77,0,-10,-29,4,Alzheimer's Disease,PAK1,2025-11-28T23:08:22.923914
966,95,11793,300,3234,True,80221,2.500152111053467,1,50,102,69,1,56,100,56,0,-6,2,13,Alzheimer's Disease,CD59,2025-11-28T23:08:25.425512
5063,30,5817,300,3120,True,53280,1.2666003704071045,1,27,35,6,1,21,33,6,0,6,2,0,Alzheimer's Disease,PAK3,2025-11-28T23:08:26.693059
972,144,10196,300,2529,True,60231,2.1402642726898193,1,38,58,25,1,58,29,16,0,-20,29,9,Alzheimer's Disease,CD74,2025-11-28T23:08:28.834231
11214,89,13793,300,3376,True,133104,2.624390125274658,1,22,73,108,1,26,75,78,0,-4,-2,30,Alzheimer's Disease,AKAP13,2025-11-28T23:08:31.459249
5071,3416,18993,300,4904,True,242059,3.1703579425811768,1,0,0,0,1,75,139,76,0,-75,-139,-76,Alzheimer's Disease,PARK2,2025-11-28T23:08:34.630235
5074,122,12799,300,5727,True,664936,3.129228115081787,1,22,44,46,1,28,40,26,0,-6,4,20,Alzheimer's Disease,PAWR,2025-11-28T23:08:37.760217
7124,314,13196,300,4446,True,1656900,4.391362905502319,1,0,0,0,1,80,99,35,0,-80,-99,-35,Alzheimer's Disease,TNF,2025-11-28T23:08:42.152295
983,527,16026,300,6338,True,791099,3.6998608112335205,1,0,0,0,1,50,137,127,0,-50,-137,-127,Alzheimer's Disease,CDK1,2025-11-28T23:08:45.852947
246744,16,2306,300,2927,True,32540,0.39528799057006836,1,148,160,6,1,146,160,6,0,2,0,0,Alzheimer's Disease,STH,2025-11-28T23:08:46.248874
56288,291,14589,300,8728,True,1428561,4.344382047653198,1,2,12,8,1,28,158,357,0,-26,-146,-349,Alzheimer's Disease,PARD3,2025-11-28T23:08:50.593936
375790,264,14116,300,3241,True,132655,2.7678699493408203,1,22,25,18,1,107,76,54,0,-85,-51,-36,Alzheimer's Disease,AGRN,2025-11-28T23:08:53.362449
7157,2190,18456,300,4781,True,296296,3.177807092666626,1,0,0,0,1,78,95,79,0,-78,-95,-79,Alzheimer's Disease,TP53,2025-11-28T23:08:56.540895
7159,230,13164,300,4457,True,190295,2.6221940517425537,1,49,63,54,1,134,121,102,0,-85,-58,-48,Alzheimer's Disease,TP53BP2,2025-11-28T23:08:59.163776
3064,331,14893,300,3819,True,196879,2.840831995010376,1,0,0,0,1,108,48,25,0,-108,-48,-25,Alzheimer's Disease,HTT,2025-11-28T23:09:02.005385
1017,764,15799,300,6811,True,2130392,5.309934854507446,1,0,0,0,1,35,52,35,0,-35,-52,-35,Alzheimer's Disease,CDK2,2025-11-28T23:09:07.315948
7161,160,11276,300,4563,True,184406,2.4268798828125,1,34,55,85,1,53,59,85,0,-19,-4,0,Alzheimer's Disease,TP73,2025-11-28T23:09:09.743558
1020,197,13431,300,4999,True,342591,2.8809680938720703,1,16,81,73,1,50,113,82,0,-34,-32,-9,Alzheimer's Disease,CDK5,2025-11-28T23:09:12.625328
3075,132,9421,300,3973,True,153162,2.178844928741455,1,63,142,42,1,70,84,42,0,-7,58,0,Alzheimer's Disease,CFH,2025-11-28T23:09:14.804829
5128,63,11080,300,2298,True,45169,2.260205030441284,1,47,28,23,1,46,31,15,0,1,-3,8,Alzheimer's Disease,CDK17,2025-11-28T23:09:17.065627
5129,130,11838,300,4453,True,174218,2.303557872772217,1,35,103,81,1,65,99,71,0,-30,4,10,Alzheimer's Disease,CDK18,2025-11-28T23:09:19.369720
3084,100,8290,300,3509,True,141449,1.7081501483917236,1,319,83,12,1,310,58,12,0,9,25,0,Alzheimer's Disease,NRG1,2025-11-28T23:09:21.078515
3093,141,13455,300,4546,True,189278,2.5652239322662354,1,65,167,148,1,81,190,151,0,-16,-23,-3,Alzheimer's Disease,UBE2K,2025-11-28T23:09:23.644649
7189,431,15810,300,4232,True,119899,2.647489070892334,1,0,0,0,1,101,209,104,0,-101,-209,-104,Alzheimer's Disease,TRAF6,2025-11-28T23:09:26.292662
9252,118,11958,300,4728,True,397732,2.633744239807129,1,39,77,74,1,43,74,51,0,-4,3,23,Alzheimer's Disease,RPS6KA5,2025-11-28T23:09:28.927030
23607,195,14218,300,5852,True,543454,3.0023367404937744,1,18,58,153,1,40,100,182,0,-22,-42,-29,Alzheimer's Disease,CD2AP,2025-11-28T23:09:31.930090
23621,34,7077,300,3795,True,142539,1.4047281742095947,1,36,57,22,1,31,49,22,0,5,8,0,Alzheimer's Disease,BACE1,2025-11-28T23:09:33.335430
3146,460,15267,300,8371,True,4409138,8.24303913116455,1,0,0,0,1,18,71,75,0,-18,-71,-75,Alzheimer's Disease,HMGB1,2025-11-28T23:09:41.579137
11346,180,13051,300,6008,True,679938,2.906071901321411,1,12,75,52,1,20,92,63,0,-8,-17,-11,Alzheimer's Disease,SYNPO,2025-11-28T23:09:44.485920
7251,286,14625,300,4017,True,120029,2.5656001567840576,1,4,22,23,1,93,201,111,0,-89,-179,-88,Alzheimer's Disease,TSG101,2025-11-28T23:09:47.052166
1111,193,12757,300,4139,True,260669,2.511586904525757,1,46,52,67,1,62,63,48,0,-16,-11,19,Alzheimer's Disease,CHEK1,2025-11-28T23:09:49.564350
3162,130,10591,300,2946,True,66961,2.141935110092163,1,208,105,13,1,263,101,12,0,-55,4,1,Alzheimer's Disease,HMOX1,2025-11-28T23:09:51.707052
1128,4,274,274,2887,False,54097,0.08761310577392578,1,120,141,34,1,118,141,34,0,2,0,0,Alzheimer's Disease,CHRM1,2025-11-28T23:09:51.795168
1139,26,7086,300,3939,True,108267,1.4321129322052002,1,83,85,57,1,72,84,57,0,11,1,0,Alzheimer's Disease,CHRNA7,2025-11-28T23:09:53.227762
100506742,16,5508,300,4490,True,142959,1.3024680614471436,1,38,157,274,1,36,157,274,0,2,0,0,Alzheimer's Disease,CASP12,2025-11-28T23:09:54.530822
7295,337,15351,300,6606,True,1267970,3.9593489170074463,1,0,0,0,1,53,103,127,0,-53,-103,-127,Alzheimer's Disease,TXN,2025-11-28T23:09:58.490855
7296,107,12794,300,6802,True,1844936,4.713557004928589,1,2,16,55,1,6,16,50,0,-4,0,5,Alzheimer's Disease,TXNRD1,2025-11-28T23:10:03.205168
9344,78,10049,300,2682,True,20740,2.0376012325286865,1,123,211,11,1,133,194,7,0,-10,17,4,Alzheimer's Disease,TAOK2,2025-11-28T23:10:05.243394
5260,4,709,300,4137,True,202789,0.32393693923950195,1,37,93,35,1,36,93,35,0,1,0,0,Alzheimer's Disease,PHKG1,2025-11-28T23:10:05.567901
5261,95,10264,300,4963,True,708326,2.884740114212036,1,30,21,16,1,37,28,14,0,-7,-7,2,Alzheimer's Disease,PHKG2,2025-11-28T23:10:08.453294
7314,414,14395,300,2525,True,44919,2.540519952774048,1,0,0,0,1,96,52,14,0,-96,-52,-14,Alzheimer's Disease,UBB,2025-11-28T23:10:10.994472
7316,1715,18189,300,5326,True,340679,3.088265895843506,1,0,0,0,1,64,242,66,0,-64,-242,-66,Alzheimer's Disease,UBC,2025-11-28T23:10:14.083937
7322,313,14758,300,2963,True,42815,2.5714869499206543,1,0,0,0,1,83,171,16,0,-83,-171,-16,Alzheimer's Disease,UBE2D2,2025-11-28T23:10:16.656016
5274,8,3882,300,1701,True,8172,0.5072507858276367,1,53,22,0,1,50,22,0,0,3,0,0,Alzheimer's Disease,SERPINI1,2025-11-28T23:10:17.163853
1191,252,14694,300,3286,True,60978,2.4783849716186523,1,22,64,60,1,139,145,89,0,-117,-81,-29,Alzheimer's Disease,CLU,2025-11-28T23:10:19.642798
5292,65,10464,300,1993,True,21012,1.9630489349365234,1,94,43,10,1,101,25,9,0,-7,18,1,Alzheimer's Disease,PIM1,2025-11-28T23:10:21.606355
7341,256,13642,300,5565,True,383185,2.766484022140503,1,9,39,53,1,39,142,121,0,-30,-103,-68,Alzheimer's Disease,SUMO1,2025-11-28T23:10:24.373528
5300,358,14615,300,3174,True,106724,2.5644619464874268,1,0,0,0,1,184,70,19,0,-184,-70,-19,Alzheimer's Disease,PIN1,2025-11-28T23:10:26.938904
5321,54,9581,300,5515,True,760337,2.6811788082122803,1,23,41,39,1,23,37,39,0,0,4,0,Alzheimer's Disease,PLA2G4A,2025-11-28T23:10:29.621132
64714,23,5949,300,6165,True,1183638,2.5916919708251953,1,14,5,0,1,10,5,0,0,4,0,0,Alzheimer's Disease,PDIA2,2025-11-28T23:10:32.213553
9423,19,6076,300,3064,True,94681,1.1600492000579834,1,64,55,74,1,55,55,74,0,9,0,0,Alzheimer's Disease,NTN1,2025-11-28T23:10:33.374293
5328,49,7436,300,3212,True,763668,2.2233002185821533,1,109,40,20,1,98,37,20,0,11,3,0,Alzheimer's Disease,PLAU,2025-11-28T23:10:35.598256
25809,26,4075,300,4559,True,267382,1.1536331176757812,1,39,87,94,1,38,87,94,0,1,0,0,Alzheimer's Disease,TTLL1,2025-11-28T23:10:36.752581
29904,52,8633,300,8543,True,1835776,4.294524908065796,1,18,59,244,1,15,51,244,0,3,8,0,Alzheimer's Disease,EEF2K,2025-11-28T23:10:41.047817
7376,69,8387,300,3804,True,154887,1.771204948425293,1,87,86,44,1,80,80,44,0,7,6,0,Alzheimer's Disease,NR1H2,2025-11-28T23:10:42.819689
5335,226,13942,300,4739,True,301124,2.7535977363586426,1,25,49,46,1,71,111,78,0,-46,-62,-32,Alzheimer's Disease,PLCG1,2025-11-28T23:10:45.573958
5337,123,11674,300,4665,True,238543,2.405284881591797,1,74,108,154,1,81,104,147,0,-7,4,7,Alzheimer's Disease,PLD1,2025-11-28T23:10:47.979935
25825,83,7811,300,4114,True,171237,1.8299410343170166,1,54,51,21,1,74,39,21,0,-20,12,0,Alzheimer's Disease,BACE2,2025-11-28T23:10:49.810497
3301,536,16624,300,7894,True,2159951,5.185014963150024,1,0,0,0,1,29,46,71,0,-29,-46,-71,Alzheimer's Disease,DNAJA1,2025-11-28T23:10:54.996151
9445,109,9130,300,4283,True,160748,2.060178756713867,1,41,116,24,1,58,110,22,0,-17,6,2,Alzheimer's Disease,ITM2B,2025-11-28T23:10:57.056977
3303,1565,17967,300,6169,True,714586,3.48807430267334,1,0,0,0,1,33,107,89,0,-33,-107,-89,Alzheimer's Disease,HSPA1A,2025-11-28T23:11:00.545755
3304,307,15460,300,5561,True,723361,3.3571372032165527,1,0,0,0,1,41,69,55,0,-41,-69,-55,Alzheimer's Disease,HSPA1B,2025-11-28T23:11:03.903593
9451,156,11679,300,4012,True,832395,3.013655185699463,1,48,55,9,1,74,58,9,0,-26,-3,0,Alzheimer's Disease,EIF2AK3,2025-11-28T23:11:06.918284
3309,1553,18336,300,7168,True,2152773,5.442409992218018,1,0,0,0,1,30,55,48,0,-30,-55,-48,Alzheimer's Disease,HSPA5,2025-11-28T23:11:12.361430
1263,38,8339,300,4506,True,205784,1.8362741470336914,1,37,97,122,1,34,88,122,0,3,9,0,Alzheimer's Disease,PLK3,2025-11-28T23:11:14.198464
5360,53,4404,300,3279,True,111664,0.8306021690368652,1,281,43,5,1,296,35,5,0,-15,8,0,Alzheimer's Disease,PLTP,2025-11-28T23:11:15.029700
3312,2183,18669,300,6372,True,479730,3.225816011428833,1,0,0,0,1,34,151,273,0,-34,-151,-273,Alzheimer's Disease,HSPA8,2025-11-28T23:11:18.256243
79090,52,4239,300,3386,True,67161,0.8108999729156494,1,132,113,52,1,129,111,52,0,3,2,0,Alzheimer's Disease,TRAPPC6A,2025-11-28T23:11:19.067734
3315,710,16916,300,4989,True,518961,3.1749191284179688,1,0,0,0,1,65,77,63,0,-65,-77,-63,Alzheimer's Disease,HSPB1,2025-11-28T23:11:22.243350
7416,531,16197,300,7601,True,1269792,3.946722984313965,1,0,0,0,1,22,89,133,0,-22,-89,-133,Alzheimer's Disease,VDAC1,2025-11-28T23:11:26.190794
3320,1286,17868,300,5581,True,608723,3.2266340255737305,1,0,0,0,1,51,84,55,0,-51,-84,-55,Alzheimer's Disease,HSP90AA1,2025-11-28T23:11:29.418069
3326,1001,17702,300,7219,True,1225826,4.026774168014526,1,0,0,0,1,16,48,80,0,-16,-48,-80,Alzheimer's Disease,HSP90AB1,2025-11-28T23:11:33.445536
3329,1009,17688,300,7597,True,2352609,5.3212361335754395,1,0,0,0,1,42,48,47,0,-42,-48,-47,Alzheimer's Disease,HSPD1,2025-11-28T23:11:38.767563
9474,413,14593,300,4847,True,939417,3.327131748199463,1,0,0,0,1,54,170,117,0,-54,-170,-117,Alzheimer's Disease,ATG5,2025-11-28T23:11:42.095465
9475,150,13593,300,5275,True,537199,2.9621386528015137,1,33,63,110,1,42,79,97,0,-9,-16,13,Alzheimer's Disease,ROCK2,2025-11-28T23:11:45.058432
9479,48,7495,300,5322,True,473516,1.8329997062683105,1,22,37,3,1,19,31,3,0,3,6,0,Alzheimer's Disease,MAPK8IP1,2025-11-28T23:11:46.892109
7447,31,8019,300,3083,True,53945,1.6909139156341553,1,116,102,39,1,109,100,39,0,7,2,0,Alzheimer's Disease,VSNL1,2025-11-28T23:11:48.583615
29979,428,15025,300,2353,True,55578,2.517819881439209,1,0,0,0,1,110,97,11,0,-110,-97,-11,Alzheimer's Disease,UBQLN1,2025-11-28T23:11:51.102064
3360,17,1478,300,4432,True,1187373,1.5067760944366455,1,51,6,4,1,42,6,4,0,9,0,0,Alzheimer's Disease,HTR4,2025-11-28T23:11:52.609551
64802,125,11077,300,4037,True,821290,2.8186302185058594,1,45,52,39,1,52,51,35,0,-7,1,4,Alzheimer's Disease,NMNAT1,2025-11-28T23:11:55.428953
9507,61,6926,300,3277,True,70208,1.3542511463165283,1,77,57,72,1,69,55,72,0,8,2,0,Alzheimer's Disease,ADAMTS4,2025-11-28T23:11:56.783903
1325,18,795,300,1981,True,36459,0.11788487434387207,1,239,42,2,1,229,41,2,0,10,1,0,Alzheimer's Disease,CORT,2025-11-28T23:11:56.902521
7471,7,1028,300,4258,True,246114,0.4738450050354004,1,62,59,16,1,57,59,16,0,5,0,0,Alzheimer's Disease,WNT1,2025-11-28T23:11:57.376900
9520,186,14246,300,5981,True,815189,3.303797960281372,1,15,68,81,1,36,92,101,0,-21,-24,-20,Alzheimer's Disease,NPEPPS,2025-11-28T23:12:00.681411
7474,63,6128,300,2313,True,29627,1.2628278732299805,1,282,66,0,1,295,60,0,0,-13,6,0,Alzheimer's Disease,WNT5A,2025-11-28T23:12:01.944833
7476,38,4985,300,5393,True,592081,1.5994482040405273,1,38,16,10,1,34,14,10,0,4,2,0,Alzheimer's Disease,WNT7A,2025-11-28T23:12:03.544922
3383,249,13856,300,7467,True,8815098,16.102293014526367,1,17,18,41,1,52,29,43,0,-35,-11,-2,Alzheimer's Disease,ICAM1,2025-11-28T23:12:19.648027
9528,203,10184,300,2999,True,27749,2.1366519927978516,1,52,209,20,1,284,159,15,0,-232,50,5,Alzheimer's Disease,TMEM59,2025-11-28T23:12:21.785359
9531,636,15884,300,4230,True,258608,2.990494966506958,1,0,0,0,1,72,81,42,0,-72,-81,-42,Alzheimer's Disease,BAG3,2025-11-28T23:12:24.776449
9532,625,16299,300,5675,True,648137,3.253157138824463,1,0,0,0,1,45,79,56,0,-45,-79,-56,Alzheimer's Disease,BAG2,2025-11-28T23:12:28.030306
64844,87,9075,300,2444,True,13634,1.8519461154937744,1,229,139,8,1,228,120,2,0,1,19,6,Alzheimer's Disease,MARCH7,2025-11-28T23:12:29.882863
3416,186,12729,300,3460,True,179983,2.454834222793579,1,31,40,39,1,47,34,13,0,-16,6,26,Alzheimer's Disease,IDE,2025-11-28T23:12:32.338405
5468,289,14667,300,5028,True,356732,2.8021860122680664,1,7,7,2,1,44,100,52,0,-37,-93,-50,Alzheimer's Disease,PPARG,2025-11-28T23:12:35.141259
1378,2,21,21,28,False,58,0.0028662681579589844,1,1,0,0,1,0,0,0,0,1,0,0,Alzheimer's Disease,CR1,2025-11-28T23:12:36.006786
7531,1168,17612,300,4996,True,678884,3.626289129257202,1,0,0,0,1,28,19,15,0,-28,-19,-15,Alzheimer's Disease,YWHAE,2025-11-28T23:12:39.634031
1387,531,15623,300,4570,True,255685,2.8050527572631836,1,0,0,0,1,33,57,39,0,-33,-57,-39,Alzheimer's Disease,CREBBP,2025-11-28T23:12:42.440392
7534,1201,17625,300,5006,True,458481,3.216233968734741,1,0,0,0,1,39,95,62,0,-39,-95,-62,Alzheimer's Disease,YWHAZ,2025-11-28T23:12:45.657285
1392,23,2491,300,2109,True,27129,0.37178874015808105,1,43,22,10,1,38,22,10,0,5,0,0,Alzheimer's Disease,CRH,2025-11-28T23:12:46.029811
1394,18,2003,300,4259,True,335576,0.7598929405212402,1,22,3,1,1,11,3,1,0,11,0,0,Alzheimer's Disease,CRHR1,2025-11-28T23:12:46.790323
1395,4,2633,300,1511,True,15034,0.22057008743286133,1,3,0,0,1,2,0,0,0,1,0,0,Alzheimer's Disease,CRHR2,2025-11-28T23:12:47.011585
1401,68,5609,300,2582,True,17974,1.2603511810302734,1,297,101,1,1,278,98,1,0,19,3,0,Alzheimer's Disease,CRP,2025-11-28T23:12:48.272503
5499,596,16243,300,4464,True,345585,2.963874101638794,1,0,0,0,1,48,83,77,0,-48,-83,-77,Alzheimer's Disease,PPP1CA,2025-11-28T23:12:51.237015
5500,463,15660,300,6614,True,1204483,3.8305020332336426,1,0,0,0,1,23,48,94,0,-23,-48,-94,Alzheimer's Disease,PPP1CB,2025-11-28T23:12:55.068375
5501,717,16866,300,8491,True,4453031,8.508490085601807,1,0,0,0,1,24,37,55,0,-24,-37,-55,Alzheimer's Disease,PPP1CC,2025-11-28T23:13:03.577715
1410,165,12498,300,2114,True,29394,2.294255256652832,1,64,43,16,1,101,37,13,0,-37,6,3,Alzheimer's Disease,CRYAB,2025-11-28T23:13:05.873059
3458,17,3188,300,2989,True,214788,0.7522141933441162,1,37,5,0,1,27,5,0,0,10,0,0,Alzheimer's Disease,IFNG,2025-11-28T23:13:06.626280
5515,439,15305,300,4507,True,388577,2.9775969982147217,1,0,0,0,1,64,77,57,0,-64,-77,-57,Alzheimer's Disease,PPP2CA,2025-11-28T23:13:09.604622
5516,252,14124,300,4680,True,275504,2.7432401180267334,1,17,93,119,1,44,141,116,0,-27,-48,3,Alzheimer's Disease,PPP2CB,2025-11-28T23:13:12.348600
5518,588,16552,300,6877,True,1418269,4.042989015579224,1,0,0,0,1,29,87,67,0,-29,-87,-67,Alzheimer's Disease,PPP2R1A,2025-11-28T23:13:16.392456
5519,159,12614,300,3983,True,88646,2.440061092376709,1,49,105,118,1,69,102,103,0,-20,3,15,Alzheimer's Disease,PPP2R1B,2025-11-28T23:13:18.833320
5520,284,14790,300,6941,True,1773989,4.464809894561768,1,2,13,19,1,38,100,108,0,-36,-87,-89,Alzheimer's Disease,PPP2R2A,2025-11-28T23:13:23.298809
5521,237,12255,300,2655,True,54026,2.2496190071105957,1,38,77,34,1,95,77,29,0,-57,0,5,Alzheimer's Disease,PPP2R2B,2025-11-28T23:13:25.549240
5524,108,13084,300,4475,True,188701,2.5105950832366943,1,21,88,133,1,28,94,132,0,-7,-6,1,Alzheimer's Disease,PPP2R4,2025-11-28T23:13:28.060447
5526,32,3349,300,3273,True,71899,0.7539670467376709,1,128,109,35,1,123,108,35,0,5,1,0,Alzheimer's Disease,PPP2R5B,2025-11-28T23:13:28.815072
3479,23,3893,300,3674,True,117336,0.6707499027252197,1,80,107,37,1,71,107,37,0,9,0,0,Alzheimer's Disease,IGF1,2025-11-28T23:13:29.486431
1432,304,13963,300,3580,True,172786,2.6101341247558594,1,0,0,0,1,99,86,48,0,-99,-86,-48,Alzheimer's Disease,MAPK14,2025-11-28T23:13:32.097186
3480,422,15785,300,5050,True,307192,2.740246057510376,1,0,0,0,1,49,107,72,0,-49,-107,-72,Alzheimer's Disease,IGF1R,2025-11-28T23:13:34.838175
5528,154,12087,300,5023,True,517054,2.9545881748199463,1,31,68,78,1,46,89,63,0,-15,-21,15,Alzheimer's Disease,PPP2R5D,2025-11-28T23:13:37.793484
5530,144,13264,300,5098,True,571166,3.467290163040161,1,15,52,99,1,40,66,94,0,-25,-14,5,Alzheimer's Disease,PPP3CA,2025-11-28T23:13:41.261455
5532,77,11148,300,4128,True,159364,2.5294547080993652,1,24,67,60,1,35,64,54,0,-11,3,6,Alzheimer's Disease,PPP3CB,2025-11-28T23:13:43.792319
5533,73,9933,300,5544,True,544759,2.806596040725708,1,44,37,17,1,46,24,16,0,-2,13,1,Alzheimer's Disease,PPP3CC,2025-11-28T23:13:46.599604
3486,46,7552,300,6263,True,1203156,3.2202110290527344,1,34,26,22,1,31,22,22,0,3,4,0,Alzheimer's Disease,IGFBP3,2025-11-28T23:13:49.820557
5534,65,8911,300,4695,True,196239,2.079334020614624,1,51,55,140,1,47,53,140,0,4,2,0,Alzheimer's Disease,PPP3R1,2025-11-28T23:13:51.900648
5536,189,13917,300,5909,True,752836,3.478466033935547,1,9,39,95,1,16,85,81,0,-7,-46,14,Alzheimer's Disease,PPP5C,2025-11-28T23:13:55.379845
284076,13,6297,300,1772,True,19812,1.315805196762085,1,13,20,1,1,11,20,1,0,2,0,0,Alzheimer's Disease,TTLL6,2025-11-28T23:13:56.696787
1452,361,15475,300,6549,True,749689,3.539914131164551,1,0,0,0,1,41,155,182,0,-41,-155,-182,Alzheimer's Disease,CSNK1A1,2025-11-28T23:14:00.237426
1454,306,14485,300,3980,True,174636,2.8396270275115967,1,0,0,0,1,72,88,43,0,-72,-88,-43,Alzheimer's Disease,CSNK1E,2025-11-28T23:14:03.078304
1453,247,14696,300,4835,True,517535,3.4332990646362305,1,25,51,68,1,66,108,133,0,-41,-57,-65,Alzheimer's Disease,CSNK1D,2025-11-28T23:14:06.512304
1457,867,16773,300,7140,True,1617473,5.051577091217041,1,0,0,0,1,33,88,66,0,-33,-88,-66,Alzheimer's Disease,CSNK2A1,2025-11-28T23:14:11.564646
5562,254,13936,300,3912,True,226764,2.8754098415374756,1,14,27,16,2,85,117,32,-1,-71,-90,-16,Alzheimer's Disease,PRKAA1,2025-11-28T23:14:14.441272
5563,235,12975,300,3118,True,58938,2.703958034515381,1,39,64,12,1,141,85,14,0,-102,-21,-2,Alzheimer's Disease,PRKAA2,2025-11-28T23:14:17.145913
5566,395,15490,300,4310,True,200628,3.0746009349823,1,0,0,0,1,62,96,62,0,-62,-96,-62,Alzheimer's Disease,PRKACA,2025-11-28T23:14:20.221179
5567,178,13295,300,4403,True,177606,2.955561876296997,1,46,129,212,1,88,137,211,0,-42,-8,1,Alzheimer's Disease,PRKACB,2025-11-28T23:14:23.177416
91584,27,7996,300,4043,True,142778,2.0471770763397217,1,64,103,74,1,59,100,74,0,5,3,0,Alzheimer's Disease,PLXNA4,2025-11-28T23:14:25.225158
1471,25,8187,300,3583,True,198084,2.0458953380584717,1,16,15,4,1,13,14,4,0,3,1,0,Alzheimer's Disease,CST3,2025-11-28T23:14:27.271757
5578,278,14543,300,3777,True,207454,3.095573902130127,1,9,10,24,1,68,98,73,0,-59,-88,-49,Alzheimer's Disease,PRKCA,2025-11-28T23:14:30.368019
5579,198,12964,300,3689,True,76697,2.7418110370635986,1,27,151,157,1,61,254,100,0,-34,-103,57,Alzheimer's Disease,PRKCB,2025-11-28T23:14:33.110500
5581,125,12862,300,4810,True,459715,3.0571420192718506,1,24,42,30,1,29,33,20,0,-5,9,10,Alzheimer's Disease,PRKCE,2025-11-28T23:14:36.168289
5582,70,11038,300,2143,True,34246,2.223539352416992,1,49,41,2,1,54,32,1,0,-5,9,1,Alzheimer's Disease,PRKCG,2025-11-28T23:14:38.392389
5584,302,15141,300,6373,True,796249,3.831512928009033,1,0,0,0,1,31,101,104,0,-31,-101,-104,Alzheimer's Disease,PRKCI,2025-11-28T23:14:42.224548
5585,137,12758,300,3957,True,119127,2.654160261154175,1,68,85,49,1,108,93,41,0,-40,-8,8,Alzheimer's Disease,PKN1,2025-11-28T23:14:44.879364
3552,70,5800,300,5063,True,345009,1.8493120670318604,1,32,73,32,1,17,60,32,0,15,13,0,Alzheimer's Disease,IL1A,2025-11-28T23:14:46.729362
3553,46,9025,300,2738,True,33725,1.9274020195007324,1,85,177,43,1,89,166,43,0,-4,11,0,Alzheimer's Disease,IL1B,2025-11-28T23:14:48.657565
5590,360,14500,300,5591,True,456248,3.394226312637329,1,0,0,0,1,47,68,84,0,-47,-68,-84,Alzheimer's Disease,PRKCZ,2025-11-28T23:14:52.052451
26073,211,13561,300,5650,True,1504787,4.3770751953125,1,30,41,39,1,51,67,58,0,-21,-26,-19,Alzheimer's Disease,POLDIP2,2025-11-28T23:14:56.430199
5594,436,15522,300,3858,True,147899,3.066230058670044,1,0,0,0,1,121,156,66,0,-121,-156,-66,Alzheimer's Disease,MAPK1,2025-11-28T23:14:59.497144
1499,969,17635,300,5174,True,297073,3.1792819499969482,1,0,0,0,2,48,212,185,-1,-48,-212,-185,Alzheimer's Disease,CTNNB1,2025-11-28T23:15:02.677405
5595,340,14462,300,3983,True,225766,2.86230206489563,1,0,0,0,1,73,89,32,0,-73,-89,-32,Alzheimer's Disease,MAPK3,2025-11-28T23:15:05.540322
5599,221,13299,300,4206,True,144808,3.0008840560913086,1,37,118,152,1,77,104,121,0,-40,14,31,Alzheimer's Disease,MAPK8,2025-11-28T23:15:08.542693
5600,40,7073,300,1813,True,17319,1.5321741104125977,1,32,38,0,1,32,21,0,0,0,17,0,Alzheimer's Disease,MAPK11,2025-11-28T23:15:10.075431
5601,174,12650,300,3145,True,50432,2.609306812286377,1,76,165,109,1,126,127,100,0,-50,38,9,Alzheimer's Disease,MAPK9,2025-11-28T23:15:12.685323
3554,32,4296,300,2318,True,13780,0.9090268611907959,1,119,84,0,1,120,82,0,0,-1,2,0,Alzheimer's Disease,IL1R1,2025-11-28T23:15:13.594875
5602,52,8575,300,2406,True,32366,1.8265609741210938,1,61,97,18,1,63,85,17,0,-2,12,1,Alzheimer's Disease,MAPK10,2025-11-28T23:15:15.421981
5603,34,8430,300,1973,True,34252,2.027048110961914,1,19,27,7,1,21,24,7,0,-2,3,0,Alzheimer's Disease,MAPK13,2025-11-28T23:15:17.449627
1508,224,14131,300,4474,True,241533,2.974592924118042,1,26,41,110,1,76,134,69,0,-50,-93,41,Alzheimer's Disease,CTSB,2025-11-28T23:15:20.425460
1509,153,13448,300,6314,True,1023851,3.8598368167877197,1,19,49,100,1,28,65,113,0,-9,-16,-13,Alzheimer's Disease,CTSD,2025-11-28T23:15:24.286056
5606,241,14977,300,7147,True,1899228,5.07748007774353,1,17,24,30,1,54,80,75,0,-37,-56,-45,Alzheimer's Disease,MAP2K3,2025-11-28T23:15:29.364313
1511,70,7563,300,3602,True,124128,1.7596321105957031,1,168,82,15,1,167,76,15,0,1,6,0,Alzheimer's Disease,CTSG,2025-11-28T23:15:31.124854
26088,117,12545,300,5224,True,273214,2.8444769382476807,1,41,119,151,1,56,123,146,0,-15,-4,5,Alzheimer's Disease,GGA1,2025-11-28T23:15:33.970008
1514,226,13303,300,4355,True,192194,2.788280963897705,1,23,39,56,1,62,67,34,0,-39,-28,22,Alzheimer's Disease,CTSL,2025-11-28T23:15:36.759007
5610,347,14579,300,6189,True,2015439,5.219815254211426,1,0,0,0,1,29,78,50,0,-29,-78,-50,Alzheimer's Disease,EIF2AK2,2025-11-28T23:15:41.979546
3569,10,3270,300,8478,True,3352769,5.777648210525513,1,5,4,2,1,0,4,2,0,5,0,0,Alzheimer's Disease,IL6,2025-11-28T23:15:47.757922
1524,4,877,300,2366,True,24922,0.18944621086120605,1,169,70,5,1,166,70,5,0,3,0,0,Alzheimer's Disease,CX3CR1,2025-11-28T23:15:47.948086
5621,2250,17756,300,3589,True,76756,3.0232229232788086,1,0,0,0,1,141,148,39,0,-141,-148,-39,Alzheimer's Disease,PRNP,2025-11-28T23:15:50.971772
9722,110,11548,300,2567,True,35953,2.374343156814575,1,42,84,40,1,65,91,25,0,-23,-7,15,Alzheimer's Disease,NOS1AP,2025-11-28T23:15:53.346745
3579,19,2437,300,2686,True,83863,0.5072691440582275,1,138,24,0,1,127,24,0,0,11,0,0,Alzheimer's Disease,CXCR2,2025-11-28T23:15:53.854619
65018,679,15659,300,6712,True,1027623,3.9288768768310547,1,0,0,0,1,22,71,40,0,-22,-71,-40,Alzheimer's Disease,PINK1,2025-11-28T23:15:57.784143
5641,47,10277,300,4366,True,259597,2.457828998565674,1,64,99,73,1,61,95,72,0,3,4,1,Alzheimer's Disease,LGMN,2025-11-28T23:16:00.242797
5649,15,8048,300,1892,True,22173,1.6285717487335205,1,23,49,12,1,19,48,12,0,4,1,0,Alzheimer's Disease,RELN,2025-11-28T23:16:01.872342
5653,29,4048,300,5295,True,655846,1.696990966796875,1,69,29,14,1,55,29,14,0,14,0,0,Alzheimer's Disease,KLK6,2025-11-28T23:16:03.570035
5654,39,7794,300,4331,True,212254,1.9915969371795654,1,47,78,142,1,38,77,142,0,9,1,0,Alzheimer's Disease,HTRA1,2025-11-28T23:16:05.562935
5663,197,12360,300,3056,True,77358,2.6492040157318115,1,44,68,51,1,121,67,38,0,-77,1,13,Alzheimer's Disease,PSEN1,2025-11-28T23:16:08.212939
5664,76,9000,300,5184,True,335480,2.392177104949951,1,62,165,199,1,59,144,199,0,3,21,0,Alzheimer's Disease,PSEN2,2025-11-28T23:16:10.605762
3627,18,272,272,1218,False,6058,0.020389795303344727,1,329,6,0,1,329,7,0,0,0,-1,0,Alzheimer's Disease,CXCL10,2025-11-28T23:16:10.626819
3630,508,14387,300,3316,True,363755,2.9889888763427734,1,0,0,0,1,121,83,23,0,-121,-83,-23,Alzheimer's Disease,INS,2025-11-28T23:16:13.616221
3636,204,13566,300,3941,True,158091,2.794537305831909,1,48,46,42,2,67,58,44,-1,-19,-12,-2,Alzheimer's Disease,INPPL1,2025-11-28T23:16:16.411442
65078,36,5698,300,2640,True,33511,1.135956048965454,1,100,80,33,1,93,74,33,0,7,6,0,Alzheimer's Disease,RTN4R,2025-11-28T23:16:17.547967
9784,86,11375,300,5018,True,862712,3.37042498588562,1,43,29,34,1,45,23,30,0,-2,6,4,Alzheimer's Disease,SNX17,2025-11-28T23:16:20.919076
1612,200,11166,300,3359,True,99162,2.396131992340088,1,45,93,46,1,91,85,39,0,-46,8,7,Alzheimer's Disease,DAPK1,2025-11-28T23:16:23.316096
3667,109,12888,300,3221,True,88288,2.642191171646118,1,43,116,97,1,51,107,70,0,-8,9,27,Alzheimer's Disease,IRS1,2025-11-28T23:16:25.958933
65108,127,12981,300,5817,True,511159,3.0818469524383545,1,13,61,95,1,20,71,75,0,-7,-10,20,Alzheimer's Disease,MARCKSL1,2025-11-28T23:16:29.041495
5717,353,15450,300,8652,True,6502590,12.231191158294678,1,0,0,0,1,14,39,58,0,-14,-39,-58,Alzheimer's Disease,PSMD11,2025-11-28T23:16:41.273532
5728,637,15702,300,6126,True,915145,3.8531341552734375,1,0,0,0,1,30,62,55,0,-30,-62,-55,Alzheimer's Disease,PTEN,2025-11-28T23:16:45.127422
1636,21,4941,300,6204,True,1157213,2.549105167388916,1,10,13,3,1,8,9,3,0,2,4,0,Alzheimer's Disease,ACE,2025-11-28T23:16:47.677273
9833,108,10952,300,5778,True,3021936,6.457079172134399,1,52,47,101,1,52,44,95,0,0,3,6,Alzheimer's Disease,MELK,2025-11-28T23:16:54.135283
7791,321,14785,300,4196,True,155990,2.959463119506836,1,0,0,0,1,90,140,100,0,-90,-140,-100,Alzheimer's Disease,ZYX,2025-11-28T23:16:57.097738
5743,44,9404,300,2447,True,53197,2.0731332302093506,1,79,53,10,1,77,51,10,0,2,2,0,Alzheimer's Disease,PTGS2,2025-11-28T23:16:59.172907
3707,25,10379,300,4383,True,268933,2.5312719345092773,1,27,44,22,1,25,42,22,0,2,2,0,Alzheimer's Disease,ITPKB,2025-11-28T23:17:01.705039
3717,137,11987,300,3753,True,94682,2.4705650806427,1,40,125,113,1,54,135,109,0,-14,-10,4,Alzheimer's Disease,JAK2,2025-11-28T23:17:04.176226
5770,621,15326,300,8326,True,2223227,5.702033042907715,1,0,0,0,1,33,124,133,0,-33,-124,-133,Alzheimer's Disease,PTPN1,2025-11-28T23:17:09.879037
3725,422,15262,300,4861,True,296927,3.1403491497039795,1,0,0,0,1,68,87,60,0,-68,-87,-60,Alzheimer's Disease,JUN,2025-11-28T23:17:13.020194
5788,32,4801,300,3175,True,86226,1.1012310981750488,1,123,59,22,1,120,56,22,0,3,3,0,Alzheimer's Disease,PTPRC,2025-11-28T23:17:14.122370
9891,92,11733,300,2689,True,55356,2.46573805809021,1,41,67,49,1,44,68,36,0,-3,-1,13,Alzheimer's Disease,NUAK1,2025-11-28T23:17:16.588677
7852,242,11992,300,2624,True,17437,2.5517518520355225,1,126,153,14,1,344,156,8,0,-218,-3,6,Alzheimer's Disease,CXCR4,2025-11-28T23:17:19.141033
89780,34,4628,300,4151,True,166188,1.0843148231506348,1,62,45,18,1,55,43,18,0,7,2,0,Alzheimer's Disease,WNT3A,2025-11-28T23:17:20.225943
1718,176,13595,300,4947,True,459149,3.145749092102051,1,27,56,32,1,118,139,38,0,-91,-83,-6,Alzheimer's Disease,DHCR24,2025-11-28T23:17:23.372368
81609,508,15595,300,2927,True,39991,3.017591953277588,1,0,0,0,1,118,162,14,0,-118,-162,-14,Alzheimer's Disease,SNX27,2025-11-28T23:17:26.390725
81618,103,8750,300,3520,True,36713,1.835326910018921,1,164,247,56,1,193,234,48,0,-29,13,8,Alzheimer's Disease,ITM2C,2025-11-28T23:17:28.227080
9950,241,12331,300,4136,True,340244,2.7860500812530518,1,44,61,54,1,149,141,67,0,-105,-80,-13,Alzheimer's Disease,GOLGA5,2025-11-28T23:17:31.013836
9956,16,2751,300,3229,True,93407,0.6587779521942139,1,192,99,12,1,183,99,12,0,9,0,0,Alzheimer's Disease,HS3ST2,2025-11-28T23:17:31.673711
5868,699,15712,300,3757,True,173908,2.9119668006896973,1,0,0,0,1,111,138,23,0,-111,-138,-23,Alzheimer's Disease,RAB5A,2025-11-28T23:17:34.586421
3831,250,15034,300,6793,True,2052957,5.16729998588562,1,7,21,15,1,22,77,45,0,-15,-56,-30,Alzheimer's Disease,KLC1,2025-11-28T23:17:39.754465
5879,996,16244,300,3967,True,156937,3.0459229946136475,1,0,0,0,1,50,81,102,0,-50,-81,-102,Alzheimer's Disease,RAC1,2025-11-28T23:17:42.801433
1785,277,15296,300,4522,True,318436,2.968709707260132,1,8,15,11,1,102,124,57,0,-94,-109,-46,Alzheimer's Disease,DNM2,2025-11-28T23:17:45.770979
255738,74,7781,300,3727,True,77307,1.7743358612060547,1,383,135,33,1,373,119,33,0,10,16,0,Alzheimer's Disease,PCSK9,2025-11-28T23:17:47.546119
7942,39,7647,300,7699,True,1759676,4.025975942611694,1,20,37,46,1,16,33,44,0,4,4,2,Alzheimer's Disease,TFEB,2025-11-28T23:17:51.572912
5906,155,13327,300,3273,True,89049,2.700315237045288,1,81,88,86,1,101,94,59,0,-20,-6,27,Alzheimer's Disease,RAP1A,2025-11-28T23:17:54.275196
1812,16,1696,300,2545,True,38279,0.37328600883483887,1,127,132,24,1,118,132,24,0,9,0,0,Alzheimer's Disease,DRD1,2025-11-28T23:17:54.649144
10013,916,17299,300,6852,True,1122395,4.120898723602295,1,0,0,0,1,23,55,81,0,-23,-55,-81,Alzheimer's Disease,HDAC6,2025-11-28T23:17:58.770712
1827,47,7527,300,1724,True,12365,1.6055731773376465,1,183,13,1,1,179,11,1,0,4,2,0,Alzheimer's Disease,RCAN1,2025-11-28T23:18:00.377015
1843,97,9136,300,5834,True,527989,2.6426308155059814,1,59,155,332,1,58,139,326,0,1,16,6,Alzheimer's Disease,DUSP1,2025-11-28T23:18:03.020354
57142,343,15063,300,5943,True,1397442,4.324120759963989,1,0,0,0,1,71,97,55,0,-71,-97,-55,Alzheimer's Disease,RTN4,2025-11-28T23:18:07.345188
57143,76,8448,300,2947,True,16152,1.875114917755127,1,534,205,5,1,549,175,5,0,-15,30,0,Alzheimer's Disease,ADCK1,2025-11-28T23:18:09.220981
57144,111,10129,300,4034,True,98452,2.390403985977173,1,67,123,57,1,89,98,57,0,-22,25,0,Alzheimer's Disease,PAK7,2025-11-28T23:18:11.612039
1855,124,11615,300,4625,True,287994,2.6990420818328857,1,62,117,99,1,80,116,83,0,-18,1,16,Alzheimer's Disease,DVL1,2025-11-28T23:18:14.311837
10048,427,15390,300,5411,True,994454,3.8371450901031494,1,0,0,0,1,64,87,18,0,-64,-87,-18,Alzheimer's Disease,RANBP9,2025-11-28T23:18:18.149769
1859,1097,17097,300,5052,True,437599,3.372908115386963,1,0,0,0,1,71,165,76,0,-71,-165,-76,Alzheimer's Disease,DYRK1A,2025-11-28T23:18:21.523406
10059,321,14090,300,6504,True,671977,3.4354891777038574,1,0,0,0,1,56,89,159,0,-56,-89,-159,Alzheimer's Disease,DNM1L,2025-11-28T23:18:24.959883
1869,159,11319,300,4793,True,209544,2.577310085296631,1,16,60,58,1,31,72,56,0,-15,-12,2,Alzheimer's Disease,E2F1,2025-11-28T23:18:27.537983
10062,51,8153,300,5400,True,425471,2.2006819248199463,1,29,66,55,1,33,60,55,0,-4,6,0,Alzheimer's Disease,NR1H3,2025-11-28T23:18:29.739470
5967,6,3109,300,1532,True,15098,0.36626410484313965,1,4,6,0,1,2,6,0,0,2,0,0,Alzheimer's Disease,REG1A,2025-11-28T23:18:30.106420
3920,594,14990,300,5614,True,540118,3.327971935272217,1,0,0,0,1,49,137,120,0,-49,-137,-120,Alzheimer's Disease,LAMP2,2025-11-28T23:18:33.435241
5970,1180,16540,300,4580,True,292369,3.221431016921997,1,0,0,0,1,75,72,63,0,-75,-72,-63,Alzheimer's Disease,RELA,2025-11-28T23:18:36.657706
3932,395,14113,300,4379,True,208191,2.843366861343384,1,0,0,0,1,71,119,83,0,-71,-119,-83,Alzheimer's Disease,LCK,2025-11-28T23:18:39.502046
3952,13,4000,300,2284,True,20567,0.6431601047515869,1,164,76,10,1,156,76,10,0,8,0,0,Alzheimer's Disease,LEP,2025-11-28T23:18:40.145873
10099,108,9309,300,3096,True,44104,2.1703450679779053,1,156,162,37,1,212,133,37,0,-56,29,0,Alzheimer's Disease,TSPAN3,2025-11-28T23:18:42.316836
6009,94,11933,300,5470,True,866519,3.4277760982513428,1,31,51,56,1,38,53,52,0,-7,-2,4,Alzheimer's Disease,RHEB,2025-11-28T23:18:45.745344
3987,90,11077,300,4304,True,167356,2.5639209747314453,1,36,75,108,1,44,71,98,0,-8,4,10,Alzheimer's Disease,LIMS1,2025-11-28T23:18:48.310004
10133,423,15300,300,3492,True,85083,2.9007959365844727,1,0,0,0,1,96,70,22,0,-96,-70,-22,Alzheimer's Disease,OPTN,2025-11-28T23:18:51.211660
51107,52,7717,300,4359,True,258617,1.7646241188049316,1,101,96,62,1,99,91,62,0,2,5,0,Alzheimer's Disease,APH1A,2025-11-28T23:18:52.976973
1958,54,7935,300,5394,True,448893,2.3126790523529053,1,17,28,28,1,15,17,26,0,2,11,2,Alzheimer's Disease,EGR1,2025-11-28T23:18:55.290419
4023,34,8728,300,1860,True,20791,1.8694818019866943,1,29,28,5,1,26,27,5,0,3,1,0,Alzheimer's Disease,LPL,2025-11-28T23:18:57.160635
1978,81,10032,300,5653,True,565964,2.7372469902038574,1,30,46,58,1,31,35,44,0,-1,11,14,Alzheimer's Disease,EIF4EBP1,2025-11-28T23:18:59.898611
8125,130,12587,300,6804,True,1460045,4.41948390007019,1,12,43,84,1,16,47,86,0,-4,-4,-2,Alzheimer's Disease,ANP32A,2025-11-28T23:19:04.319319
4035,167,14067,300,2697,True,72910,2.632113218307495,1,42,55,31,1,86,53,31,0,-44,2,0,Alzheimer's Disease,LRP1,2025-11-28T23:19:06.952163
4040,130,9960,300,2641,True,45979,2.206632137298584,1,151,102,26,1,157,93,25,0,-6,9,1,Alzheimer's Disease,LRP6,2025-11-28T23:19:09.159511
4041,103,9761,300,2864,True,40090,2.0138609409332275,1,279,89,30,1,276,80,28,0,3,9,2,Alzheimer's Disease,LRP5,2025-11-28T23:19:11.174085
4043,176,13771,300,4033,True,424347,2.9821841716766357,1,23,57,70,1,40,59,74,0,-17,-2,-4,Alzheimer's Disease,LRPAP1,2025-11-28T23:19:14.156997
6093,168,13384,300,4494,True,162667,2.7128288745880127,1,25,84,99,1,42,137,146,0,-17,-53,-47,Alzheimer's Disease,ROCK1,2025-11-28T23:19:16.870526
2011,269,14204,300,6104,True,722579,3.4652998447418213,1,16,14,54,1,44,88,198,0,-28,-74,-144,Alzheimer's Disease,MARK2,2025-11-28T23:19:20.336632
4074,75,10948,300,5468,True,995566,3.4793860912323,1,18,18,25,1,17,25,18,0,1,-7,7,Alzheimer's Disease,M6PR,2025-11-28T23:19:23.816760
2033,1317,17469,300,4496,True,183389,3.1144320964813232,1,0,0,0,1,53,89,58,0,-53,-89,-58,Alzheimer's Disease,EP300,2025-11-28T23:19:26.932386
4082,603,15625,300,7644,True,915061,3.869184970855713,1,0,0,0,1,10,98,315,0,-10,-98,-315,Alzheimer's Disease,MARCKS,2025-11-28T23:19:30.802314
4094,56,7756,300,4447,True,290732,1.9467980861663818,1,55,149,141,1,57,143,138,0,-2,6,3,Alzheimer's Disease,MAF,2025-11-28T23:19:32.749804
