node_id,degree,ego_original_size,ego_actual_size,ego_edges,was_subsampled,n_simplices,time_seconds,H0_with,H1_with,H2_with,H3_with,H0_without,H1_without,H2_without,H3_without,delta_H0,delta_H1,delta_H2,delta_H3,is_ad,ad_category
2048,191,13015,500,5380,True,117061,2.896646022796631,1,83,144,57,1,109,165,60,0,-26,-21,-3,True,Tau
10241,487,14903,500,8059,True,454647,3.4175238609313965,1,5,24,16,1,195,223,183,0,-190,-199,-167,True,Tau
2,186,12724,500,4348,True,71272,2.8234968185424805,1,125,246,56,1,170,228,47,0,-45,18,9,True,Amyloid
79882,178,13449,500,19345,True,21149252,49.681725025177,1,26,61,150,1,29,66,147,0,-3,-5,3,True,Tau
12,115,8958,500,13362,True,7815032,16.509285926818848,1,126,124,42,1,110,102,42,0,16,22,0,True,Amyloid
2066,176,10492,500,12692,True,3402217,8.402490139007568,1,61,156,199,1,65,142,184,0,-4,14,15,True,Amyloid
19,32,8453,500,8810,True,530116,2.848001003265381,1,31,64,37,1,27,59,37,0,4,5,0,True,Amyloid
25,219,14198,500,9388,True,720186,3.745702028274536,1,69,146,174,1,88,166,179,0,-19,-20,-5,True,Tau
27,103,12095,500,10519,True,960897,3.972216844558716,1,44,158,303,1,45,163,297,0,-1,-5,6,True,Tau
10273,620,16733,500,12143,True,2527161,6.985927104949951,1,0,0,0,1,77,219,264,0,-77,-219,-264,True,Tau
4129,37,8172,500,6277,True,46522,1.8591680526733398,1,525,939,64,1,516,923,64,0,9,16,0,True,Amyloid
4133,77,12191,500,5352,True,225362,2.9476478099823,1,66,123,82,1,68,124,64,0,-2,-1,18,True,Tau
10280,136,12495,500,11423,True,3628980,8.766865253448486,1,78,117,108,1,150,152,91,0,-72,-35,17,True,Tau
4139,72,10163,500,10896,True,1274442,4.292943716049194,1,48,211,210,1,48,194,208,0,0,17,2,True,Tau
4140,240,13816,500,15099,True,5510434,12.995858907699585,1,25,119,295,1,43,140,302,0,-18,-21,-7,True,Tau
6195,198,13158,500,13165,True,5828099,13.831305027008057,1,25,82,135,1,48,106,126,0,-23,-24,9,True,Tau
2099,2291,18047,500,16491,True,20828082,44.79884219169617,1,0,0,0,1,54,138,159,0,-54,-138,-159,True,Both
6197,194,13729,500,15330,True,9366307,21.342723846435547,1,36,87,152,1,60,104,149,0,-24,-17,3,True,Tau
6198,110,13087,500,14105,True,5882594,13.91994333267212,1,14,52,76,1,17,52,64,0,-3,0,12,True,Tau
10295,140,12879,500,8558,True,434766,3.2967541217803955,1,83,165,367,1,91,158,320,0,-8,7,47,True,Tau
2100,2291,18007,500,8824,True,442023,3.669706106185913,1,0,0,0,1,113,214,97,0,-113,-214,-97,True,Both
120892,482,14793,500,9139,True,666785,3.7569611072540283,1,11,51,18,1,133,209,156,0,-122,-158,-138,True,Tau
90,58,7855,500,5752,True,85244,1.8137121200561523,1,280,322,88,1,298,305,88,0,-18,17,0,True,Tau
2147,41,8190,500,11345,True,1672958,4.566739082336426,1,50,210,359,1,54,202,359,0,-4,8,0,True,Tau
102,90,11946,500,12245,True,4306599,10.293418884277344,1,38,66,31,1,68,50,28,0,-30,16,3,True,Amyloid
53353,70,10644,500,3757,True,117922,2.613003730773926,1,80,81,25,1,72,78,25,0,8,3,0,True,Amyloid
8301,265,14357,500,12339,True,1735401,5.269775152206421,1,64,227,304,1,111,284,313,0,-47,-57,-9,True,Amyloid
116,29,3745,500,11526,True,1065323,2.457210063934326,1,55,242,878,2,40,242,878,-1,15,0,0,True,Amyloid
4214,151,12498,500,14028,True,7244381,15.918132066726685,1,58,145,255,1,59,128,213,0,-1,17,42,True,Tau
8312,147,12548,500,10016,True,485567,3.356086015701294,1,83,310,364,1,116,308,341,0,-33,2,23,True,Tau
114815,3,2260,500,12170,True,2063152,3.5743801593780518,1,7,10,8,1,5,10,8,0,2,0,0,True,Amyloid
4223,694,13780,500,2625,True,24641,2.8173508644104004,1,0,0,0,3,517,19,0,-2,-517,-19,0,True,Amyloid
8325,33,2642,500,5833,True,174131,0.728931188583374,1,182,198,76,1,165,198,76,0,17,0,0,True,Tau
135,23,3250,500,9772,True,974876,2.2118659019470215,1,134,279,330,1,121,279,330,0,13,0,0,True,Tau
2185,77,10297,500,8200,True,484197,2.827439785003662,1,26,96,62,1,30,88,58,0,-4,8,4,True,Tau
6285,171,9546,500,9473,True,1898040,4.801413059234619,1,174,320,232,1,179,246,232,0,-5,74,0,True,Both
729230,41,5742,500,3430,True,66936,1.0161399841308594,1,45,13,2,1,31,13,2,0,14,0,0,True,Both
6288,47,3532,500,18299,True,35738007,83.2080991268158,1,68,29,33,1,46,28,33,0,22,1,0,True,Amyloid
4241,73,9609,500,7465,True,259633,2.4792518615722656,1,474,283,94,1,485,269,94,0,-11,14,0,True,Amyloid
154,324,13890,500,8187,True,458582,3.523390054702759,1,73,238,391,1,131,239,355,0,-58,-1,36,True,Both
156,86,11141,500,12801,True,6144114,13.827269077301025,1,45,62,101,1,46,55,94,0,-1,7,7,True,Tau
6300,62,9681,500,13032,True,2453183,6.3573291301727295,1,102,194,323,1,100,187,319,0,2,7,4,True,Both
160,292,15377,500,17154,True,8269487,19.305810928344727,1,18,153,355,1,31,216,403,0,-13,-63,-48,True,Amyloid
2213,15,2824,500,8836,True,527030,1.2691600322723389,1,108,287,291,1,105,284,291,0,3,3,0,True,Tau
6310,469,14787,500,5764,True,136747,3.2851810455322266,1,73,113,64,1,284,269,94,0,-211,-156,-30,True,Amyloid
177,19,6288,500,3607,True,78537,1.3937740325927734,1,40,18,2,1,37,17,2,0,3,1,0,True,Amyloid
183,27,9286,500,7199,True,264879,2.4575140476226807,1,121,211,160,1,119,210,160,0,2,1,0,True,Tau
6342,68,11021,500,13681,True,5917177,14.057687044143677,1,10,16,36,1,9,22,32,0,1,-6,4,True,Amyloid
2247,45,8169,500,14614,True,4273979,9.294847249984741,1,17,72,31,1,16,61,31,0,1,11,0,True,Tau
203,63,10750,500,4588,True,177656,2.5349228382110596,1,47,140,90,1,45,131,68,0,2,9,22,True,Tau
8398,23,8974,500,9913,True,1003591,3.3984756469726562,1,50,95,88,1,45,95,88,0,5,0,0,True,Tau
207,578,16232,500,11584,True,2066691,5.431711912155151,1,0,0,0,1,105,281,311,0,-105,-281,-311,True,Both
57551,57,10785,500,14460,True,7225301,15.332302808761597,1,18,39,35,1,20,36,34,0,-2,3,1,True,Tau
4311,136,11775,500,11748,True,2505832,6.640253782272339,1,37,105,113,1,47,92,100,0,-10,13,13,True,Amyloid
4313,57,6969,500,6291,True,131415,1.748528003692627,1,322,366,172,1,313,360,172,0,9,6,0,True,Amyloid
4314,20,4800,500,10983,True,6602037,11.847758054733276,1,194,180,144,1,193,180,144,0,1,0,0,True,Amyloid
4318,38,4020,500,18660,True,40960036,93.94054698944092,1,54,16,20,1,46,16,20,0,8,0,0,True,Amyloid
2280,110,11664,500,5534,True,196837,2.5654401779174805,1,98,214,127,1,107,201,115,0,-9,13,12,True,Tau
6376,70,5034,500,4791,True,31123,1.0063002109527588,1,655,410,57,1,634,399,57,0,21,11,0,True,Tau
2288,277,14881,500,16243,True,9469009,20.641155004501343,1,29,77,190,1,50,114,187,0,-21,-37,3,True,Tau
2289,416,15041,500,9568,True,1119876,4.180592775344849,1,20,48,86,1,105,119,144,0,-85,-71,-58,True,Tau
240,73,8279,500,7028,True,564589,2.3141720294952393,1,151,198,142,2,134,190,142,-1,17,8,0,True,Tau
6387,30,3947,500,7854,True,1582031,2.873948097229004,1,35,24,8,1,33,24,8,0,2,0,0,True,Amyloid
246,11,2234,500,12652,True,2807630,4.53535795211792,1,121,140,84,1,112,140,84,0,9,0,0,True,Tau
51451,28,9035,500,11984,True,2523267,5.866173982620239,1,62,199,200,1,59,195,200,0,3,4,0,True,Tau
8445,167,12237,500,5791,True,441318,3.0731499195098877,1,128,186,45,1,153,159,29,0,-25,27,16,True,Tau
10494,101,10985,500,4282,True,80721,2.296522855758667,1,158,145,30,1,173,130,29,0,-15,15,1,True,Tau
6416,63,11531,500,14320,True,6653359,14.22578501701355,1,83,157,202,1,86,153,187,0,-3,4,15,True,Tau
273,53,7241,500,14272,True,3449154,7.618649005889893,1,57,239,446,1,58,233,444,0,-1,6,2,True,Tau
6418,285,15323,500,16141,True,8609287,18.98040509223938,1,30,102,162,1,58,128,216,0,-28,-26,-54,True,Tau
274,104,12374,500,4889,True,139414,2.62011981010437,1,67,79,88,1,73,78,74,0,-6,1,14,True,Both
10513,193,10417,500,2853,True,29687,2.245590925216675,1,157,59,2,1,143,39,1,0,14,20,1,True,Amyloid
6423,24,3361,500,6687,True,164801,0.9708468914031982,1,261,308,137,1,251,306,137,0,10,2,0,True,Tau
8473,954,17040,500,15706,True,8709329,17.358371019363403,1,0,0,0,1,52,126,184,0,-52,-126,-184,True,Tau
6446,66,9956,500,12126,True,2093349,5.167908191680908,1,73,260,368,1,77,244,367,0,-4,16,1,True,Tau
308,219,13799,500,16875,True,9885351,21.323494911193848,1,14,100,278,1,24,109,261,0,-10,-9,17,True,Amyloid
2358,136,5412,500,5466,True,30268,1.119330883026123,1,612,742,79,1,634,658,76,0,-22,84,3,True,Amyloid
55611,348,14422,500,11218,True,1512470,4.788792848587036,1,57,197,248,1,105,304,490,0,-48,-107,-242,True,Tau
322,190,13191,500,13864,True,5567928,12.18269395828247,1,39,97,85,1,52,103,91,0,-13,-6,-6,True,Amyloid
323,79,10998,500,4378,True,103373,2.332637071609497,1,60,103,14,1,64,97,13,0,-4,6,1,True,Amyloid
325,26,5591,500,3654,True,80841,1.0902631282806396,1,37,27,6,1,30,27,6,0,7,0,0,True,Amyloid
6477,214,11743,500,8414,True,343897,3.288688898086548,1,120,376,125,1,159,280,116,0,-39,96,9,True,Tau
335,180,11117,500,4063,True,63076,2.5346286296844482,1,110,155,25,1,161,162,20,0,-51,-7,5,True,Amyloid
337,19,5632,500,8431,True,752020,2.1132450103759766,1,107,189,190,1,100,188,190,0,7,1,0,True,Amyloid
344,39,4781,500,7698,True,592212,1.749333143234253,1,129,191,78,1,116,189,78,0,13,2,0,True,Amyloid
8536,87,10685,500,12517,True,3272005,8.145872116088867,1,108,187,224,1,93,159,219,0,15,28,5,True,Tau
348,162,12695,500,6056,True,887221,3.586649179458618,1,66,99,44,1,90,102,42,0,-24,-3,2,True,Both
351,2367,18023,500,3311,True,78544,3.0733001232147217,1,0,0,0,1,282,40,9,0,-282,-40,-9,True,Both
355,352,13750,500,7327,True,244714,2.9982850551605225,1,75,190,152,1,215,241,132,0,-140,-51,20,True,Amyloid
356,92,6608,500,5361,True,83955,1.499358892440796,1,126,146,97,1,133,136,96,0,-7,10,1,True,Amyloid
84335,29,8600,500,12491,True,2488293,5.702883005142212,1,7,41,118,1,6,40,118,0,1,1,0,True,Tau
372,237,15059,500,18137,True,11903114,25.915079832077026,1,26,172,402,1,39,199,400,0,-13,-27,2,True,Amyloid
10615,180,12111,500,9077,True,486135,3.2104721069335938,1,110,175,195,1,172,198,186,0,-62,-23,9,True,Tau
26999,165,13466,500,15236,True,8160462,17.63347578048706,1,61,110,169,1,71,109,165,0,-10,1,4,True,Tau
55679,20,5604,500,3623,True,71807,0.9978008270263672,1,64,23,0,1,60,20,0,0,4,3,0,True,Tau
55690,45,10811,500,9568,True,367931,2.75874924659729,1,66,328,573,1,71,321,569,0,-5,7,4,True,Amyloid
4504,8,2681,500,14169,True,4799185,8.700381994247437,1,2,8,12,1,1,8,12,0,1,0,0,True,Amyloid
22943,23,6794,500,16107,True,7716791,15.739325761795044,1,16,6,14,1,10,6,14,0,6,0,0,True,Both
2475,327,15145,500,12151,True,1993178,5.78678297996521,1,49,141,303,1,168,239,358,0,-119,-98,-55,True,Tau
29108,81,7854,500,9695,True,1015956,3.279987096786499,1,151,209,111,1,155,201,110,0,-4,8,1,True,Amyloid
2487,12,4252,500,17894,True,9657534,19.82752513885498,1,40,110,234,1,31,110,234,0,9,0,0,True,Tau
158135,7,4763,500,15311,True,9241493,18.318970203399658,1,24,130,221,1,22,130,221,0,2,0,0,True,Tau
55737,263,14497,500,14779,True,6828786,15.314381837844849,1,31,128,335,1,75,172,298,0,-44,-44,37,True,Amyloid
57787,72,10499,500,12330,True,2204334,5.797791957855225,1,37,108,160,1,39,90,145,0,-2,18,15,True,Tau
8650,218,14281,500,8922,True,825333,4.022156000137329,1,89,256,207,1,101,308,238,0,-12,-52,-31,True,Amyloid
51667,53,11504,500,11358,True,1370567,4.379071950912476,1,16,104,252,1,16,104,251,0,0,0,1,True,Tau
468,93,10037,500,4016,True,60858,2.356909990310669,1,100,121,27,1,108,109,25,0,-8,12,2,True,Amyloid
27102,27,6532,500,11160,True,3844294,7.8960490226745605,1,85,98,59,1,80,94,59,0,5,4,0,True,Tau
6622,989,16834,500,9703,True,924876,4.0384910106658936,1,0,0,0,1,82,199,229,0,-82,-199,-229,True,Both
84447,327,14002,500,6564,True,373248,3.0951480865478516,1,56,66,35,1,177,184,43,0,-121,-118,-8,True,Tau
84446,35,6941,500,10920,True,1422514,3.633635997772217,1,47,133,257,1,45,123,257,0,2,10,0,True,Tau
2534,370,14099,500,8651,True,549939,3.4816346168518066,1,95,272,223,1,197,292,178,0,-102,-20,45,True,Tau
8678,198,13475,500,13783,True,6289675,13.614805936813354,1,49,122,155,1,70,130,129,0,-21,-8,26,True,Amyloid
10728,434,14913,500,9197,True,727811,3.6753909587860107,1,29,127,282,1,130,341,417,0,-101,-214,-135,True,Tau
2550,42,5799,500,7728,True,506401,1.726628065109253,1,122,157,158,1,125,156,158,0,-3,1,0,True,Tau
6647,420,14691,500,13857,True,3039310,7.26012110710144,1,20,93,317,1,51,222,472,0,-31,-129,-155,True,Tau
6653,133,11896,500,3756,True,84280,2.4131009578704834,1,139,113,32,1,129,98,31,0,10,15,1,True,Both
4609,2982,18719,500,11450,True,1257307,4.578827142715454,1,0,0,0,1,85,296,267,0,-85,-296,-267,True,Both
4613,1370,17061,500,15370,True,6617252,13.163631916046143,1,0,0,0,1,23,93,96,0,-23,-93,-96,True,Amyloid
6667,339,14742,500,12732,True,1932808,5.5078020095825195,1,29,179,261,1,64,234,317,0,-35,-55,-56,True,Amyloid
23057,23,6677,500,3774,True,45561,1.2507729530334473,1,154,69,1,1,147,68,1,0,7,1,0,True,Tau
55829,60,8273,500,9137,True,546920,2.500232219696045,1,197,410,377,1,195,402,373,0,2,8,4,True,Tau
8728,34,3971,500,9392,True,1556129,3.077025890350342,1,119,121,155,1,102,121,155,0,17,0,0,True,Amyloid
51738,17,3279,500,12840,True,3487716,6.495410919189453,1,163,223,275,1,154,223,275,0,9,0,0,True,Tau
6683,82,11738,500,10635,True,1217110,4.114717960357666,1,30,139,361,1,30,126,328,0,0,13,33,True,Tau
51741,619,15618,500,8504,True,601494,3.4913811683654785,1,0,0,0,1,194,332,144,0,-194,-332,-144,True,Tau
10787,197,14066,500,16366,True,10922533,24.137839317321777,1,46,125,261,1,52,141,271,0,-6,-16,-10,True,Amyloid
55851,79,7272,500,13738,True,3253753,7.2462568283081055,1,246,273,343,1,236,256,343,0,10,17,0,True,Amyloid
8754,115,11172,500,7513,True,296380,2.603140115737915,1,101,170,83,1,138,157,77,0,-37,13,6,True,Amyloid
23093,48,8513,500,6528,True,174384,2.0950846672058105,1,160,376,218,1,152,369,218,0,8,7,0,True,Tau
10808,442,15843,500,19208,True,11764841,23.732927083969116,1,8,49,107,1,25,142,330,0,-17,-93,-223,True,Tau
6714,533,15948,500,7854,True,494246,3.3353381156921387,1,0,0,0,1,196,289,196,0,-196,-289,-196,True,Tau
573,473,15222,500,13807,True,10578959,20.642251014709473,1,20,26,48,2,64,158,265,-1,-44,-132,-217,True,Tau
4671,10,3003,500,6979,True,172352,0.6572360992431641,1,151,436,369,1,144,436,369,0,7,0,0,True,Amyloid
6721,131,12039,500,8046,True,410258,2.987302780151367,1,85,84,61,1,135,76,51,0,-50,8,10,True,Tau
6733,716,16017,500,8610,True,1787164,4.901911973953247,1,0,0,0,1,145,179,123,0,-145,-179,-123,True,Tau
590,62,7553,500,7849,True,1056611,3.092542886734009,1,220,102,47,1,213,99,47,0,7,3,0,True,Amyloid
150094,60,10693,500,10369,True,911527,3.515820026397705,1,124,148,326,1,121,135,324,0,3,13,2,True,Tau
2641,25,2950,500,11693,True,4749096,8.520021677017212,1,85,99,87,1,75,99,87,0,10,0,0,True,Tau
598,189,13098,500,10231,True,954781,3.9351909160614014,1,92,263,301,1,118,258,244,0,-26,5,57,True,Amyloid
2648,174,11347,500,11838,True,1177748,3.9420790672302246,1,99,310,356,1,102,300,336,0,-3,10,20,True,Tau
219736,14,3353,500,16370,True,20060797,41.576393127441406,1,14,15,7,1,5,15,7,0,9,0,0,True,Tau
84570,9,6010,500,3656,True,76596,1.0986061096191406,1,4,5,0,1,2,5,0,0,2,0,0,True,Amyloid
6750,2,36,36,78,False,176,0.0025129318237304688,1,5,0,0,1,4,0,0,0,1,0,0,True,Tau
10858,4,1090,500,12081,True,12264645,23.979586124420166,1,34,33,93,1,32,33,93,0,2,0,0,True,Tau
623,31,2969,500,9418,True,642727,1.4427289962768555,1,279,337,649,1,265,336,649,0,14,1,0,True,Amyloid
627,42,8051,500,4849,True,130978,1.7210569381713867,1,316,122,26,1,307,120,26,0,9,2,0,True,Both
642,130,13626,500,12033,True,1470294,4.713490009307861,1,43,191,301,1,46,188,298,0,-3,3,3,True,Amyloid
146057,20,6743,500,9577,True,639704,2.3600661754608154,1,25,57,152,1,22,55,152,0,3,2,0,True,Tau
6794,264,13495,500,5161,True,183491,2.697188138961792,1,109,161,31,1,196,135,18,0,-87,26,13,True,Tau
197259,54,7965,500,13005,True,3703561,8.533085107803345,1,96,276,414,1,87,261,414,0,9,15,0,True,Tau
8851,54,9761,500,12189,True,1914126,4.908980131149292,1,92,203,371,1,89,193,370,0,3,10,1,True,Both
84630,24,6022,500,16163,True,3844233,8.581425189971924,1,66,225,587,1,62,221,587,0,4,4,0,True,Tau
6812,135,12609,500,12137,True,4198789,9.880131244659424,1,47,68,88,1,63,58,70,0,-16,10,18,True,Tau
4780,159,11924,500,8307,True,399340,2.925593137741089,1,73,221,258,1,85,209,247,0,-12,12,11,True,Tau
8877,34,6761,500,11251,True,1543258,3.8531949520111084,1,110,194,115,1,102,190,115,0,8,4,0,True,Tau
8878,1219,17592,500,12201,True,1580166,5.1595892906188965,1,0,0,0,1,91,409,586,0,-91,-409,-586,True,Tau
8883,94,11902,500,15764,True,10445805,22.191179990768433,1,23,26,51,1,26,24,43,0,-3,2,8,True,Amyloid
2740,119,6839,500,10417,True,2443685,5.076844692230225,1,273,121,108,2,243,112,108,-1,30,9,0,True,Tau
10939,349,15367,500,15079,True,4946051,10.821951866149902,1,40,125,255,1,71,253,441,0,-31,-128,-186,True,Tau
2752,140,13556,500,13674,True,4405272,11.005068063735962,1,70,155,330,1,80,136,303,0,-10,19,27,True,Amyloid
6850,223,12282,500,8366,True,272366,2.8247759342193604,1,59,325,509,1,90,346,421,0,-31,-21,88,True,Tau
4803,9,2863,500,5944,True,102567,0.687673807144165,1,287,365,144,1,285,365,144,0,2,0,0,True,Amyloid
4804,59,8617,500,6835,True,409850,2.4368929862976074,1,139,295,233,1,138,287,233,0,1,8,0,True,Both
712,60,6831,500,10138,True,1677638,4.036143779754639,1,154,286,155,1,137,281,155,0,17,5,0,True,Amyloid
713,81,8137,500,14292,True,5033822,10.49379301071167,1,70,58,100,1,61,53,100,0,9,5,0,True,Amyloid
714,27,5658,500,8921,True,653777,2.0214807987213135,1,118,302,193,1,112,302,193,0,6,0,0,True,Amyloid
6868,57,10004,500,12109,True,1761039,4.720385789871216,1,78,192,234,1,75,185,234,0,3,7,0,True,Amyloid
727,33,6005,500,4547,True,35648,1.407607078552246,1,243,362,34,1,235,358,34,0,8,4,0,True,Amyloid
10971,1095,17599,500,13292,True,3824512,8.863874197006226,1,0,0,0,1,72,167,205,0,-72,-167,-205,True,Tau
10972,268,13847,500,14122,True,4751439,11.266966104507446,1,34,115,208,1,61,164,241,0,-27,-49,-33,True,Amyloid
4842,35,6000,500,8929,True,1025159,2.562880039215088,1,138,239,106,1,131,237,106,0,7,2,0,True,Amyloid
10987,1081,17124,500,10919,True,3589081,8.045148134231567,1,0,0,0,1,71,50,50,0,-71,-50,-50,True,Amyloid
4846,50,9343,500,11246,True,2413636,5.563017129898071,1,94,219,146,1,93,209,146,0,1,10,0,True,Amyloid
4851,341,15084,500,7848,True,417777,3.1588971614837646,1,68,142,228,1,154,226,210,0,-86,-84,18,True,Amyloid
11021,565,14827,500,11942,True,2845351,6.515183687210083,1,0,0,0,1,32,123,75,0,-32,-123,-75,True,Tau
2833,10,1303,500,20545,True,36028999,76.69544911384583,1,7,0,0,1,2,0,0,0,5,0,0,True,Amyloid
796,14,1472,500,7142,True,344118,0.6646161079406738,1,239,253,150,1,230,253,150,0,9,0,0,True,Tau
801,562,15501,500,9311,True,816896,3.732172966003418,1,0,0,0,1,212,331,700,0,-212,-331,-700,True,Tau
27429,259,13323,500,11137,True,4911662,10.914996862411499,1,65,107,263,1,89,108,183,0,-24,-1,80,True,Amyloid
811,402,16115,500,14026,True,3438447,7.9878668785095215,1,39,116,213,1,76,227,370,0,-37,-111,-157,True,Amyloid
58157,159,11274,500,12864,True,4541279,10.26931881904602,1,44,65,62,1,43,37,31,0,1,28,31,True,Both
815,218,12431,500,11043,True,2544460,6.09681510925293,1,83,301,226,1,110,286,206,0,-27,15,20,True,Tau
2869,174,11050,500,12573,True,1639347,5.011258840560913,1,51,291,505,1,55,227,448,0,-4,64,57,True,Amyloid
823,193,13969,500,10477,True,1358680,4.5305540561676025,1,118,289,448,1,144,302,444,0,-26,-13,4,True,Tau
824,152,13196,500,11438,True,1707777,5.082464933395386,1,72,215,298,1,88,205,275,0,-16,10,23,True,Tau
4921,127,11322,500,8229,True,422163,2.841848850250244,1,44,122,159,1,43,115,120,0,1,7,39,True,Tau
9024,37,8438,500,8400,True,632315,2.6357457637786865,1,31,194,76,1,30,176,76,0,1,18,0,True,Tau
834,70,10473,500,10042,True,1468163,4.292974948883057,1,40,86,127,1,43,79,114,0,-3,7,13,True,Tau
835,47,10193,500,7856,True,444297,2.650506019592285,1,47,66,42,1,48,67,41,0,-1,-1,1,True,Tau
836,128,12597,500,5639,True,268269,2.729907751083374,1,78,152,167,1,89,162,143,0,-11,-10,24,True,Both
2885,730,16571,500,7031,True,333361,3.1854519844055176,1,0,0,0,1,231,160,76,0,-231,-160,-76,True,Tau
837,48,6819,500,7932,True,291200,1.8691439628601074,1,159,269,486,1,149,255,486,0,10,14,0,True,Amyloid
839,36,9509,500,7002,True,291265,2.3609631061553955,1,105,241,305,1,102,234,303,0,3,7,2,True,Tau
11079,186,12928,500,12743,True,4832576,11.046328067779541,1,56,121,89,1,134,186,87,0,-78,-65,2,True,Amyloid
841,171,12182,500,9907,True,700176,3.4040958881378174,1,70,184,222,1,83,187,204,0,-13,-3,18,True,Both
840,64,10704,500,12206,True,2096696,5.492384910583496,1,47,176,384,1,49,171,375,0,-2,5,9,True,Both
54103,6,3272,500,3287,True,58048,0.4990568161010742,1,9,1,0,1,7,1,0,0,2,0,0,True,Amyloid
2904,72,10146,500,4875,True,121398,2.207224130630493,1,169,195,65,1,170,196,61,0,-1,-1,4,True,Tau
23385,186,13594,500,13932,True,6794281,15.101020812988281,1,35,123,82,1,58,127,61,0,-23,-4,21,True,Amyloid
54106,69,8211,500,14191,True,3874143,8.510340213775635,1,31,138,139,1,24,114,139,0,7,24,0,True,Tau
2903,64,7664,500,10210,True,1404795,3.514785051345825,1,45,44,36,1,40,38,36,0,5,6,0,True,Tau
2908,949,16126,500,6534,True,313736,3.108849048614502,1,0,0,0,1,166,162,64,0,-166,-162,-64,True,Tau
2919,22,5276,500,9067,True,407750,1.7746779918670654,1,90,379,843,1,86,376,843,0,4,3,0,True,Tau
23411,394,14614,500,11106,True,1432505,4.558308124542236,1,37,100,150,1,129,201,216,0,-92,-101,-66,True,Both
2932,826,16665,500,9512,True,1053496,4.092069864273071,1,0,0,0,1,155,274,169,0,-155,-274,-169,True,Both
2931,457,14333,500,10771,True,2310931,6.260350942611694,1,11,71,145,1,40,168,272,0,-29,-97,-127,True,Both
64374,74,9657,500,5550,True,67591,2.2222349643707275,1,375,370,143,1,377,361,143,0,-2,9,0,True,Tau
7040,298,14343,500,8848,True,1594647,4.911717176437378,1,105,166,242,1,191,137,186,0,-86,29,56,True,Amyloid
11140,638,16129,500,10696,True,2200484,5.917528867721558,1,0,0,0,1,175,215,162,0,-175,-215,-162,True,Tau
2950,207,14531,500,16019,True,10357466,22.88724994659424,1,31,108,249,1,48,108,220,0,-17,0,29,True,Amyloid
11160,275,14348,500,13807,True,4615374,10.964162111282349,1,43,191,204,1,76,265,226,0,-33,-74,-22,True,Amyloid
7072,104,12822,500,16317,True,11806754,26.39120578765869,1,13,99,313,1,14,95,285,0,-1,4,28,True,Tau
5027,18,4996,500,5744,True,688399,1.842210054397583,1,264,350,2,1,256,350,2,0,8,0,0,True,Amyloid
948,29,5321,500,5012,True,202134,1.3374638557434082,1,120,134,44,1,112,134,44,0,8,0,0,True,Amyloid
949,113,12325,500,13309,True,4965899,12.868582963943481,1,32,42,87,1,38,36,76,0,-6,6,11,True,Amyloid
5045,236,12409,500,9883,True,1437276,4.807041168212891,1,53,120,47,1,87,120,32,0,-34,0,15,True,Amyloid
7097,39,5542,500,9722,True,1180537,2.859786033630371,1,142,93,32,1,133,91,32,0,9,2,0,True,Amyloid
958,141,9744,500,5932,True,117509,2.433565855026245,1,360,286,151,1,371,239,151,0,-11,47,0,True,Amyloid
11200,219,13195,500,11881,True,1561504,5.293552875518799,1,79,217,276,1,98,192,252,0,-19,25,24,True,Tau
5058,190,13093,500,11051,True,819390,4.127293109893799,1,63,228,527,1,64,238,506,0,-1,-10,21,True,Amyloid
966,95,11793,500,8772,True,683695,3.3427000045776367,1,74,128,237,1,71,114,217,0,3,14,20,True,Amyloid
5063,30,5817,500,8401,True,376632,1.8556458950042725,1,23,57,13,1,17,55,13,0,6,2,0,True,Amyloid
972,144,10196,500,4449,True,110727,2.310621976852417,1,79,109,41,1,95,76,31,0,-16,33,10,True,Amyloid
11214,89,13793,500,6051,True,350007,3.1006340980529785,1,49,162,173,1,53,164,143,0,-4,-2,30,True,Tau
5071,3416,18993,500,10584,True,1035688,4.2982800006866455,1,0,0,0,1,147,301,232,0,-147,-301,-232,True,Tau
5074,122,12799,500,16145,True,9998402,21.469372749328613,1,28,62,97,1,31,51,73,0,-3,11,24,True,Amyloid
7124,314,13196,500,10080,True,3453008,8.199627876281738,1,84,275,498,1,139,289,445,0,-55,-14,53,True,Amyloid
983,527,16026,500,13894,True,3687772,8.500150203704834,1,0,0,0,1,101,346,377,0,-101,-346,-377,True,Both
246744,16,2306,500,8235,True,407718,0.9094851016998291,1,231,699,251,1,229,699,251,0,2,0,0,True,Tau
56288,291,14589,500,16431,True,4338450,9.824213743209839,1,26,140,332,1,47,256,568,0,-21,-116,-236,True,Amyloid
375790,264,14116,500,9078,True,920474,3.916109085083008,1,131,285,309,1,191,286,287,0,-60,-1,22,True,Amyloid
7157,2190,18456,500,10941,True,1225011,4.450967073440552,1,0,0,0,1,150,308,317,0,-150,-308,-317,True,Tau
7159,230,13164,500,12763,True,4088609,9.626657724380493,1,74,184,186,1,148,220,212,0,-74,-36,-26,True,Amyloid
3064,331,14893,500,9152,True,751415,3.667490243911743,1,112,213,209,1,197,271,247,0,-85,-58,-38,True,Tau
1017,764,15799,500,15889,True,14230135,27.697630882263184,1,0,0,0,1,55,135,169,0,-55,-135,-169,True,Tau
7161,160,11276,500,9859,True,708367,3.1786859035491943,1,67,107,137,1,83,107,133,0,-16,0,4,True,Tau
1020,197,13431,500,14877,True,8126386,16.92983388900757,1,31,159,169,1,53,165,151,0,-22,-6,18,True,Both
3075,132,9421,500,8282,True,524399,2.718487024307251,1,88,285,199,1,77,212,199,0,11,73,0,True,Amyloid
5128,63,11080,500,4532,True,157988,2.4320499897003174,1,78,75,35,1,76,76,26,0,2,-1,9,True,Tau
5129,130,11838,500,10283,True,723015,3.4835171699523926,1,82,252,323,1,106,239,310,0,-24,13,13,True,Tau
3084,100,8290,500,7441,True,356844,2.4705898761749268,1,698,280,93,1,680,248,93,0,18,32,0,True,Amyloid
3093,141,13455,500,12230,True,2040307,5.708543062210083,1,101,321,303,1,112,332,293,0,-11,-11,10,True,Amyloid
7189,431,15810,500,10372,True,822769,4.041836977005005,1,29,158,383,1,129,309,491,0,-100,-151,-108,True,Tau
9252,118,11958,500,12965,True,4564992,10.643752098083496,1,46,103,153,1,47,93,125,0,-1,10,28,True,Tau
23607,195,14218,500,12540,True,1753183,5.641983985900879,1,50,190,517,1,65,210,522,0,-15,-20,-5,True,Amyloid
23621,34,7077,500,7206,True,442204,2.005181074142456,1,101,182,162,1,96,174,162,0,5,8,0,True,Amyloid
3146,460,15267,500,18676,True,49927682,131.31011700630188,1,6,20,34,1,57,133,120,0,-51,-113,-86,True,Amyloid
11346,180,13051,500,12261,True,1440940,4.5062079429626465,1,27,203,394,1,30,205,390,0,-3,-2,4,True,Tau
7251,286,14625,500,11842,True,2921524,7.543545961380005,1,36,170,276,1,100,252,237,0,-64,-82,39,True,Tau
1111,193,12757,500,6633,True,432169,3.55574893951416,1,113,159,97,1,126,168,77,0,-13,-9,20,True,Tau
3162,130,10591,500,10235,True,2174554,5.572352886199951,1,245,228,124,1,290,215,120,0,-45,13,4,True,Both
1128,4,274,274,2887,False,54097,0.09579896926879883,1,120,141,34,1,118,141,34,0,2,0,0,True,Amyloid
1139,26,7086,500,9569,True,641554,2.6695680618286133,1,121,168,185,1,110,167,185,0,11,1,0,True,Amyloid
100506742,16,5508,500,7719,True,245776,1.7880349159240723,1,115,540,477,1,113,540,477,0,2,0,0,True,Amyloid
7295,337,15351,500,16544,True,9636582,21.1087749004364,1,27,122,221,1,67,195,298,0,-40,-73,-77,True,Amyloid
7296,107,12794,500,16007,True,10350022,23.40516996383667,1,5,32,84,1,6,29,76,0,-1,3,8,True,Amyloid
9344,78,10049,500,6771,True,162761,2.4890918731689453,1,182,285,106,1,184,261,101,0,-2,24,5,True,Tau
5260,4,709,500,10234,True,1335166,2.2128729820251465,1,95,244,246,1,94,244,246,0,1,0,0,True,Tau
5261,95,10264,500,13312,True,6436292,15.051607131958008,1,42,31,30,1,45,34,28,0,-3,-3,2,True,Tau
7314,414,14395,500,7245,True,476458,3.468717098236084,1,67,129,172,1,209,152,135,0,-142,-23,37,True,Tau
7316,1715,18189,500,11472,True,1475002,5.040083885192871,1,0,0,0,1,152,438,315,0,-152,-438,-315,True,Tau
7322,313,14758,500,9063,True,474305,3.634244680404663,1,102,345,390,1,153,487,428,0,-51,-142,-38,True,Tau
5274,8,3882,500,3962,True,29855,0.5854499340057373,1,74,34,5,1,71,34,5,0,3,0,0,True,Amyloid
1191,252,14694,500,8848,True,454526,3.4573488235473633,1,83,234,379,1,188,276,350,0,-105,-42,29,True,Both
5292,65,10464,500,4209,True,107337,2.4136641025543213,1,133,83,24,1,137,62,23,0,-4,21,1,True,Tau
7341,256,13642,500,11966,True,1381832,4.838989019393921,1,56,248,390,1,66,289,373,0,-10,-41,17,True,Tau
5300,358,14615,500,9386,True,816219,4.021622896194458,1,69,269,289,1,205,297,306,0,-136,-28,-17,True,Tau
5321,54,9581,500,16095,True,6410759,14.939924001693726,1,65,203,373,1,64,198,373,0,1,5,0,True,Tau
64714,23,5949,500,13249,True,4180967,8.480801105499268,1,18,9,3,1,14,9,3,0,4,0,0,True,Tau
9423,19,6076,500,10911,True,4285336,8.98781967163086,1,67,72,64,1,58,72,64,0,9,0,0,True,Amyloid
5328,49,7436,500,7278,True,1029200,2.8840510845184326,1,237,245,113,1,224,242,113,0,13,3,0,True,Amyloid
25809,26,4075,500,8863,True,587438,1.8395881652832031,1,150,318,343,1,149,318,343,0,1,0,0,True,Tau
29904,52,8633,500,17829,True,6748883,15.141211986541748,1,38,193,536,1,34,185,536,0,4,8,0,True,Tau
7376,69,8387,500,9760,True,1025557,3.169451951980591,1,120,251,210,1,112,245,210,0,8,6,0,True,Amyloid
5335,226,13942,500,11057,True,1150807,4.472204208374023,1,71,256,403,1,97,268,386,0,-26,-12,17,True,Tau
5337,123,11674,500,10262,True,999701,3.8876616954803467,1,156,314,288,1,155,300,277,0,1,14,11,True,Amyloid
25825,83,7811,500,11176,True,1254164,3.667397975921631,1,189,290,323,1,189,262,323,0,0,28,0,True,Amyloid
3301,536,16624,500,19091,True,11343680,23.854387998580933,1,0,0,0,1,49,165,295,0,-49,-165,-295,True,Tau
9445,109,9130,500,12660,True,2307618,5.6183202266693115,1,57,225,159,1,69,216,157,0,-12,9,2,True,Amyloid
3303,1565,17967,500,15128,True,4996481,11.395023822784424,1,0,0,0,1,62,160,232,0,-62,-160,-232,True,Both
3304,307,15460,500,17448,True,12673294,27.193267107009888,1,37,140,196,1,64,181,212,0,-27,-41,-16,True,Amyloid
9451,156,11679,500,9160,True,1384288,4.027375221252441,1,60,138,141,1,82,137,139,0,-22,1,2,True,Tau
3309,1553,18336,500,11929,True,4215879,9.6513090133667,1,0,0,0,1,126,137,121,0,-126,-137,-121,True,Both
1263,38,8339,500,11711,True,2472779,5.389632940292358,1,80,270,395,1,75,259,395,0,5,11,0,True,Tau
5360,53,4404,500,7443,True,709512,1.647860050201416,1,361,193,214,1,369,178,214,0,-8,15,0,True,Tau
3312,2183,18669,500,14488,True,3387701,9.02472996711731,1,0,0,0,1,56,201,371,0,-56,-201,-371,True,Tau
79090,52,4239,500,7952,True,358330,1.3314430713653564,1,172,228,171,1,169,226,171,0,3,2,0,True,Tau
3315,710,16916,500,10908,True,2413287,7.013434171676636,1,0,0,0,1,108,177,182,0,-108,-177,-182,True,Tau
7416,531,16197,500,18167,True,6485018,14.43506121635437,1,0,0,0,1,42,241,617,0,-42,-241,-617,True,Both
3320,1286,17868,500,16177,True,7735016,17.220748901367188,1,0,0,0,1,72,175,220,0,-72,-175,-220,True,Both
3326,1001,17702,500,18410,True,11351735,24.978825092315674,1,0,0,0,1,27,107,154,0,-27,-107,-154,True,Both
3329,1009,17688,500,16990,True,11296406,24.590285062789917,1,0,0,0,1,71,128,160,0,-71,-128,-160,True,Amyloid
9474,413,14593,500,11514,True,6671151,15.439657926559448,1,18,182,402,1,64,316,392,0,-46,-134,10,True,Tau
9475,150,13593,500,14090,True,5600608,13.969663858413696,1,45,114,227,1,52,114,193,0,-7,0,34,True,Both
9479,48,7495,500,10922,True,1522495,3.889059066772461,1,36,64,36,1,33,58,36,0,3,6,0,True,Amyloid
7447,31,8019,500,6160,True,167515,1.972701072692871,1,269,251,114,1,262,249,114,0,7,2,0,True,Both
29979,428,15025,500,7347,True,1897328,5.493810176849365,1,49,136,232,1,145,251,192,0,-96,-115,40,True,Amyloid
3360,17,1478,500,11334,True,4412422,8.010883092880249,1,101,112,150,1,91,112,150,0,10,0,0,True,Amyloid
64802,125,11077,500,6445,True,1443676,4.648582935333252,1,99,134,75,1,101,130,71,0,-2,4,4,True,Tau
9507,61,6926,500,7563,True,251517,1.8558332920074463,1,194,282,449,1,185,280,449,0,9,2,0,True,Amyloid
1325,18,795,500,7395,True,4478373,8.158186197280884,1,349,177,68,1,339,176,68,0,10,1,0,True,Tau
7471,7,1028,500,9180,True,1034909,1.5611839294433594,1,194,390,66,1,189,390,66,0,5,0,0,True,Tau
9520,186,14246,500,17790,True,14391166,34.655733823776245,1,28,104,209,1,43,107,189,0,-15,-3,20,True,Tau
7474,63,6128,500,7162,True,357137,1.7602148056030273,1,580,304,39,1,592,297,39,0,-12,7,0,True,Amyloid
7476,38,4985,500,13137,True,2748922,5.726410865783691,1,67,82,152,1,60,78,152,0,7,4,0,True,Amyloid
3383,249,13856,500,18135,True,40159768,101.00155019760132,1,50,135,286,1,72,128,271,0,-22,7,15,True,Amyloid
9528,203,10184,500,7897,True,155463,2.550135850906372,1,235,767,300,1,401,652,292,0,-166,115,8,True,Amyloid
9531,636,15884,500,5923,True,345261,3.168039083480835,1,0,0,0,1,188,144,59,0,-188,-144,-59,True,Tau
9532,625,16299,500,10468,True,1307180,4.632511138916016,1,0,0,0,1,75,232,137,0,-75,-232,-137,True,Tau
64844,87,9075,500,6688,True,190366,2.3819451332092285,1,348,293,93,1,346,273,87,0,2,20,6,True,Tau
3416,186,12729,500,11688,True,5057664,12.229787826538086,1,59,61,71,1,65,43,39,0,-6,18,32,True,Amyloid
5468,289,14667,500,11515,True,1371024,4.845807313919067,1,44,237,273,1,69,290,282,0,-25,-53,-9,True,Amyloid
1378,2,21,21,28,False,58,0.0012018680572509766,1,1,0,0,1,0,0,0,0,1,0,0,True,Tau
7531,1168,17612,500,12156,True,3157449,7.753735303878784,1,0,0,0,1,58,114,138,0,-58,-114,-138,True,Tau
1387,531,15623,500,10738,True,1228741,4.410329818725586,1,0,0,0,1,90,241,198,0,-90,-241,-198,True,Tau
7534,1201,17625,500,12520,True,2692890,7.21096396446228,1,0,0,0,1,58,183,302,0,-58,-183,-302,True,Tau
1392,23,2491,500,4060,True,57517,0.4419577121734619,1,291,172,60,1,284,172,60,0,7,0,0,True,Both
1394,18,2003,500,12757,True,6709627,13.767490148544312,1,45,69,167,1,34,69,167,0,11,0,0,True,Tau
1395,4,2633,500,3237,True,57313,0.2844538688659668,1,5,0,0,1,4,0,0,0,1,0,0,True,Tau
1401,68,5609,500,9509,True,1099334,2.988741874694824,1,313,159,81,1,293,156,81,0,20,3,0,True,Both
5499,596,16243,500,14200,True,6546117,14.472700357437134,1,0,0,0,1,70,161,225,0,-70,-161,-225,True,Tau
5500,463,15660,500,16113,True,6382520,14.04606318473816,1,25,25,51,1,56,159,375,0,-31,-134,-324,True,Tau
5501,717,16866,500,16619,True,18194288,39.419275999069214,1,0,0,0,1,67,110,201,0,-67,-110,-201,True,Tau
1410,165,12498,500,3967,True,67786,2.6963448524475098,1,111,84,27,1,142,74,24,0,-31,10,3,True,Tau
3458,17,3188,500,9801,True,2073464,3.886559247970581,1,99,66,74,1,89,66,74,0,10,0,0,True,Tau
5515,439,15305,500,10472,True,1626565,5.0665271282196045,1,26,54,86,1,111,216,279,0,-85,-162,-193,True,Tau
5516,252,14124,500,12498,True,2268069,6.635560989379883,1,60,262,445,1,70,267,395,0,-10,-5,50,True,Tau
5518,588,16552,500,14058,True,4645185,10.990998029708862,1,0,0,0,1,74,233,309,0,-74,-233,-309,True,Tau
5519,159,12614,500,8718,True,368350,3.2212133407592773,1,84,218,346,1,100,206,326,0,-16,12,20,True,Tau
5520,284,14790,500,16482,True,8913573,20.095902919769287,1,21,113,239,1,51,163,253,0,-30,-50,-14,True,Tau
5521,237,12255,500,6937,True,226842,2.799233913421631,1,176,231,181,1,202,202,170,0,-26,29,11,True,Tau
5524,108,13084,500,10646,True,1096975,4.278252840042114,1,33,166,347,1,35,160,335,0,-2,6,12,True,Tau
5526,32,3349,500,11264,True,1416333,3.0642170906066895,1,177,285,357,1,171,283,357,0,6,2,0,True,Tau
3479,23,3893,500,8351,True,477288,1.269421100616455,1,196,311,112,1,187,311,112,0,9,0,0,True,Both
1432,304,13963,500,9923,True,1447990,4.929043292999268,1,74,180,195,1,138,193,175,0,-64,-13,20,True,Both
3480,422,15785,500,11561,True,1077735,4.339695930480957,1,33,138,270,1,87,341,404,0,-54,-203,-134,True,Amyloid
5528,154,12087,500,13816,True,6428023,14.222459077835083,1,55,101,153,1,62,105,126,0,-7,-4,27,True,Tau
5530,144,13264,500,14055,True,7056275,15.56250286102295,1,26,55,131,1,46,55,111,0,-20,0,20,True,Both
5532,77,11148,500,8957,True,663813,3.256075143814087,1,33,160,172,1,42,153,164,0,-9,7,8,True,Tau
5533,73,9933,500,13288,True,3169499,7.5900490283966064,1,52,81,46,1,47,61,45,0,5,20,1,True,Tau
3486,46,7552,500,13345,True,4372683,9.546557188034058,1,38,47,47,1,35,43,47,0,3,4,0,True,Tau
5534,65,8911,500,9815,True,920126,3.082310914993286,1,71,101,190,1,66,99,190,0,5,2,0,True,Tau
5536,189,13917,500,16024,True,9682799,21.113019943237305,1,14,65,207,1,17,93,169,0,-3,-28,38,True,Tau
284076,13,6297,500,3717,True,91639,1.4458551406860352,1,15,26,3,1,13,26,3,0,2,0,0,True,Tau
1452,361,15475,500,15314,True,4866272,11.167512893676758,1,17,103,293,1,59,219,433,0,-42,-116,-140,True,Tau
1454,306,14485,500,11053,True,2384173,6.336536169052124,1,65,117,109,1,121,165,106,0,-56,-48,3,True,Amyloid
1453,247,14696,500,10653,True,1042349,4.151404142379761,1,75,225,354,1,104,255,368,0,-29,-30,-14,True,Both
1457,867,16773,500,16296,True,8761842,18.059262990951538,1,0,0,0,1,51,192,232,0,-51,-192,-232,True,Tau
5562,254,13936,500,11892,True,3996626,9.591577053070068,1,37,137,124,1,92,194,113,0,-55,-57,11,True,Tau
5563,235,12975,500,10353,True,3070830,7.268606901168823,1,56,159,65,1,132,135,44,0,-76,24,21,True,Tau
5566,395,15490,500,11412,True,1411160,4.6005918979644775,1,28,98,147,1,86,239,351,0,-58,-141,-204,True,Tau
5567,178,13295,500,9483,True,825989,3.754880905151367,1,149,239,351,1,184,234,335,0,-35,5,16,True,Tau
91584,27,7996,500,7332,True,254368,2.000067710876465,1,209,271,205,1,204,268,205,0,5,3,0,True,Tau
1471,25,8187,500,8420,True,747254,2.8360676765441895,1,133,194,134,1,130,193,134,0,3,1,0,True,Amyloid
5578,278,14543,500,11408,True,3303921,8.476947784423828,1,52,82,196,1,86,116,177,0,-34,-34,19,True,Tau
5579,198,12964,500,9847,True,545856,3.2852022647857666,1,54,217,424,1,70,238,297,0,-16,-21,127,True,Tau
5581,125,12862,500,11266,True,2047066,5.276732921600342,1,43,86,100,1,47,76,89,0,-4,10,11,True,Both
5582,70,11038,500,4390,True,126417,2.185380697250366,1,72,70,15,1,76,60,14,0,-4,10,1,True,Tau
5584,302,15141,500,14415,True,4231125,9.68915605545044,1,36,106,196,1,62,170,232,0,-26,-64,-36,True,Tau
5585,137,12758,500,13425,True,4376477,10.094821691513062,1,81,168,189,1,106,146,161,0,-25,22,28,True,Tau
3552,70,5800,500,12175,True,1510922,3.5731420516967773,1,106,300,220,1,91,287,220,0,15,13,0,True,Amyloid
3553,46,9025,500,5198,True,95456,1.8982000350952148,1,154,334,113,1,158,323,113,0,-4,11,0,True,Amyloid
5590,360,14500,500,12949,True,2249164,6.12825608253479,1,67,180,371,1,91,176,339,0,-24,4,32,True,Tau
26073,211,13561,500,14981,True,8336224,17.362448692321777,1,52,94,114,1,65,107,119,0,-13,-13,-5,True,Tau
5594,436,15522,500,9727,True,821581,3.8343539237976074,1,42,182,275,1,183,407,472,0,-141,-225,-197,True,Tau
1499,969,17635,500,17204,True,12184130,25.003218173980713,1,0,0,0,2,49,301,448,-1,-49,-301,-448,True,Tau
5595,340,14462,500,10162,True,1012627,4.173012971878052,1,63,150,252,1,119,217,290,0,-56,-67,-38,True,Tau
5599,221,13299,500,9070,True,557786,3.740241050720215,1,95,284,371,1,126,257,335,0,-31,27,36,True,Tau
5600,40,7073,500,3846,True,81269,1.6104199886322021,1,44,46,10,1,42,28,10,0,2,18,0,True,Both
5601,174,12650,500,11519,True,4792341,10.710616827011108,1,107,181,163,1,140,130,151,0,-33,51,12,True,Tau
3554,32,4296,500,6237,True,131074,1.0826985836029053,1,310,346,65,1,307,341,65,0,3,5,0,True,Amyloid
5602,52,8575,500,4441,True,85574,1.9396209716796875,1,96,185,48,1,96,172,47,0,0,13,1,True,Both
5603,34,8430,500,4066,True,126905,2.1706929206848145,1,31,41,20,1,31,36,20,0,0,5,0,True,Both
1508,224,14131,500,12179,True,2259452,6.492916822433472,1,66,258,431,1,102,311,359,0,-36,-53,72,True,Tau
1509,153,13448,500,16320,True,10295991,22.815398931503296,1,26,67,175,1,31,67,161,0,-5,0,14,True,Both
5606,241,14977,500,12980,True,3978284,9.545262098312378,1,50,158,263,1,79,187,282,0,-29,-29,-19,True,Tau
1511,70,7563,500,10098,True,1142769,3.3066389560699463,1,195,125,44,1,192,118,44,0,3,7,0,True,Amyloid
26088,117,12545,500,14260,True,2026706,5.879621982574463,1,69,458,1041,1,75,444,1023,0,-6,14,18,True,Amyloid
1514,226,13303,500,12692,True,4671347,10.883136987686157,1,26,73,119,1,54,63,66,0,-28,10,53,True,Tau
5610,347,14579,500,16754,True,11252542,23.890948057174683,1,22,171,275,1,32,205,273,0,-10,-34,2,True,Tau
3569,10,3270,500,17617,True,12084573,22.98558497428894,1,7,27,52,1,2,27,52,0,5,0,0,True,Amyloid
1524,4,877,500,8979,True,833589,1.2831358909606934,1,167,103,69,1,164,103,69,0,3,0,0,True,Tau
5621,2250,17756,500,8383,True,486608,3.60268497467041,1,0,0,0,1,241,337,180,0,-241,-337,-180,True,Both
9722,110,11548,500,4610,True,94546,2.6926450729370117,1,82,163,70,1,100,163,53,0,-18,0,17,True,Tau
3579,19,2437,500,6681,True,545008,1.0715153217315674,1,313,142,16,1,301,142,16,0,12,0,0,True,Tau
65018,679,15659,500,14637,True,4796577,10.466129302978516,1,0,0,0,1,66,147,215,0,-66,-147,-215,True,Tau
5641,47,10277,500,10157,True,1033751,3.460106372833252,1,87,193,302,1,84,189,301,0,3,4,1,True,Tau
5649,15,8048,500,3894,True,102657,1.6075589656829834,1,24,87,39,1,20,86,39,0,4,1,0,True,Both
5653,29,4048,500,11761,True,2488844,5.743008852005005,1,230,216,52,1,216,216,52,0,14,0,0,True,Amyloid
5654,39,7794,500,8429,True,1154447,3.1559019088745117,1,240,148,236,1,224,147,236,0,16,1,0,True,Tau
5663,197,12360,500,5046,True,144582,2.5953872203826904,1,90,107,68,1,164,100,52,0,-74,7,16,True,Both
5664,76,9000,500,12995,True,2900774,6.327799081802368,1,78,224,332,1,75,203,332,0,3,21,0,True,Amyloid
3627,18,272,272,1218,False,6058,0.020008087158203125,1,329,6,0,1,329,7,0,0,0,-1,0,True,Amyloid
3630,508,14387,500,7306,True,4986727,11.234543085098267,1,0,0,0,1,277,169,55,0,-277,-169,-55,True,Both
3636,204,13566,500,11662,True,2042072,5.970582008361816,1,83,189,292,2,92,186,285,-1,-9,3,7,True,Tau
65078,36,5698,500,7743,True,339613,1.5779600143432617,1,228,236,146,1,221,230,146,0,7,6,0,True,Tau
9784,86,11375,500,13112,True,6130388,15.316691875457764,1,51,51,49,1,47,41,45,0,4,10,4,True,Amyloid
1612,200,11166,500,7716,True,449889,3.5418951511383057,1,89,179,118,1,121,155,106,0,-32,24,12,True,Tau
3667,109,12888,500,5555,True,171190,2.8210501670837402,1,79,217,140,1,85,206,113,0,-6,11,27,True,Tau
65108,127,12981,500,11221,True,1448898,4.695976972579956,1,36,149,317,1,40,146,286,0,-4,3,31,True,Amyloid
5717,353,15450,500,18502,True,15056208,30.142549991607666,1,26,86,216,1,42,130,279,0,-16,-44,-63,True,Tau
5728,637,15702,500,11440,True,4692799,9.514063835144043,1,0,0,0,1,100,164,149,0,-100,-164,-149,True,Tau
1636,21,4941,500,13420,True,4182145,7.791980028152466,1,13,25,12,1,9,20,12,0,4,5,0,True,Amyloid
9833,108,10952,500,12006,True,4185779,8.778773069381714,1,89,113,232,1,83,108,226,0,6,5,6,True,Tau
7791,321,14785,500,11148,True,891631,3.752013921737671,1,55,223,490,1,120,335,544,0,-65,-112,-54,True,Amyloid
5743,44,9404,500,4495,True,127686,2.122312068939209,1,106,110,22,1,104,108,22,0,2,2,0,True,Amyloid
3707,25,10379,500,7191,True,391056,2.261894941329956,1,43,81,51,1,39,77,51,0,4,4,0,True,Tau
3717,137,11987,500,9751,True,799400,3.3263697624206543,1,56,161,303,1,61,158,291,0,-5,3,12,True,Tau
5770,621,15326,500,16949,True,7929169,15.269190788269043,1,0,0,0,1,86,274,315,0,-86,-274,-315,True,Tau
3725,422,15262,500,10230,True,959964,3.7389492988586426,1,78,192,314,1,167,265,390,0,-89,-73,-76,True,Amyloid
5788,32,4801,500,10418,True,1129843,2.4867258071899414,1,185,232,219,1,179,227,219,0,6,5,0,True,Amyloid
9891,92,11733,500,4903,True,155253,2.3713021278381348,1,70,131,64,1,70,129,49,0,0,2,15,True,Tau
7852,242,11992,500,8075,True,204406,2.456165075302124,1,424,522,221,1,562,436,206,0,-138,86,15,True,Amyloid
89780,34,4628,500,12845,True,2480168,4.435644865036011,1,63,71,33,1,55,69,33,0,8,2,0,True,Tau
1718,176,13595,500,14266,True,8722894,17.91462230682373,1,65,169,104,1,147,227,92,0,-82,-58,12,True,Amyloid
81609,508,15595,500,5238,True,93026,2.7543039321899414,1,0,0,0,1,247,362,59,0,-247,-362,-59,True,Amyloid
81618,103,8750,500,10150,True,853386,2.7712109088897705,1,234,477,278,1,253,451,266,0,-19,26,12,True,Amyloid
9950,241,12331,500,12578,True,1715918,4.7493860721588135,1,107,320,684,1,179,325,631,0,-72,-5,53,True,Tau
9956,16,2751,500,7047,True,266623,0.8091549873352051,1,470,249,147,1,460,249,147,0,10,0,0,True,Tau
5868,699,15712,500,9326,True,890622,3.474898099899292,1,0,0,0,1,143,281,123,0,-143,-281,-123,True,Amyloid
3831,250,15034,500,15466,True,7953930,15.510195255279541,1,22,103,160,1,35,146,167,0,-13,-43,-7,True,Tau
5879,996,16244,500,8955,True,576943,3.410814046859741,1,0,0,0,1,119,224,264,0,-119,-224,-264,True,Amyloid
1785,277,15296,500,10855,True,1385748,4.574440002441406,1,78,224,238,1,152,293,251,0,-74,-69,-13,True,Amyloid
255738,74,7781,500,7534,True,210404,1.79587721824646,1,708,269,142,1,697,252,142,0,11,17,0,True,Amyloid
7942,39,7647,500,17504,True,8269036,16.674466133117676,1,33,93,207,1,29,89,205,0,4,4,2,True,Tau
5906,155,13327,500,8636,True,556973,3.1119191646575928,1,122,227,329,1,134,219,291,0,-12,8,38,True,Amyloid
1812,16,1696,500,7463,True,413955,0.7815227508544922,1,209,224,154,1,199,224,154,0,10,0,0,True,Tau
10013,916,17299,500,16000,True,7858043,14.709861040115356,1,0,0,0,1,66,128,185,0,-66,-128,-185,True,Tau
1827,47,7527,500,3413,True,35652,1.3916800022125244,1,230,52,6,1,226,50,6,0,4,2,0,True,Amyloid
1843,97,9136,500,11826,True,1927404,4.923044204711914,1,113,324,458,1,110,306,452,0,3,18,6,True,Tau
57142,343,15063,500,12119,True,2284487,5.573790073394775,1,34,130,367,1,108,256,445,0,-74,-126,-78,True,Both
57143,76,8448,500,10763,True,1233556,3.455505847930908,1,500,615,229,1,507,579,229,0,-7,36,0,True,Tau
57144,111,10129,500,9744,True,531157,2.9666507244110107,1,84,230,287,1,92,190,284,0,-8,40,3,True,Tau
1855,124,11615,500,13097,True,3733752,8.091596126556396,1,90,232,277,1,101,221,258,0,-11,11,19,True,Tau
10048,427,15390,500,12239,True,4685696,9.519156217575073,1,22,38,63,1,120,164,152,0,-98,-126,-89,True,Amyloid
1859,1097,17097,500,12389,True,3569432,7.740640163421631,1,0,0,0,1,92,243,292,0,-92,-243,-292,True,Both
10059,321,14090,500,15601,True,4611527,10.371877193450928,1,23,65,202,1,66,130,271,0,-43,-65,-69,True,Tau
1869,159,11319,500,9869,True,641042,3.10390305519104,1,32,130,132,1,41,131,123,0,-9,-1,9,True,Amyloid
10062,51,8153,500,11634,True,1791175,4.166903972625732,1,78,197,380,1,81,190,380,0,-3,7,0,True,Amyloid
5967,6,3109,500,3273,True,57616,0.3626549243927002,1,5,10,0,1,3,10,0,0,2,0,0,True,Amyloid
3920,594,14990,500,10291,True,1472112,4.500234842300415,1,0,0,0,1,145,253,195,0,-145,-253,-195,True,Tau
5970,1180,16540,500,10320,True,1002658,3.9493300914764404,1,0,0,0,1,123,317,516,0,-123,-317,-516,True,Amyloid
3932,395,14113,500,9890,True,572790,3.146749258041382,1,42,291,360,1,111,396,398,0,-69,-105,-38,True,Tau
3952,13,4000,500,3963,True,28610,0.624626874923706,1,425,166,28,1,417,166,28,0,8,0,0,True,Tau
10099,108,9309,500,10933,True,2134139,4.747425079345703,1,246,366,262,1,276,313,262,0,-30,53,0,True,Amyloid
6009,94,11933,500,14165,True,6829110,13.52708101272583,1,41,76,107,1,48,71,96,0,-7,5,11,True,Amyloid
3987,90,11077,500,10020,True,722177,2.967012882232666,1,60,148,252,1,65,142,241,0,-5,6,11,True,Tau
10133,423,15300,500,9516,True,550522,3.3671889305114746,1,35,150,169,1,99,259,229,0,-64,-109,-60,True,Tau
51107,52,7717,500,7789,True,500564,2.187894105911255,1,313,359,145,1,306,351,145,0,7,8,0,True,Amyloid
1958,54,7935,500,9487,True,1036749,3.03829288482666,1,39,56,79,1,37,45,77,0,2,11,2,True,Tau
4023,34,8728,500,3866,True,85337,1.8372430801391602,1,47,55,15,1,43,54,15,0,4,1,0,True,Amyloid
1978,81,10032,500,11289,True,1782523,4.327085018157959,1,45,67,104,1,44,54,90,0,1,13,14,True,Tau
8125,130,12587,500,16669,True,11498128,22.86837601661682,1,18,78,148,1,21,76,140,0,-3,2,8,True,Tau
4035,167,14067,500,4827,True,153753,2.4909582138061523,1,73,116,66,1,115,107,60,0,-42,9,6,True,Amyloid
4040,130,9960,500,7086,True,194998,2.307539939880371,1,424,376,206,1,427,362,203,0,-3,14,3,True,Tau
4041,103,9761,500,7071,True,344662,2.1484620571136475,1,358,122,87,1,354,113,85,0,4,9,2,True,Tau
4043,176,13771,500,6253,True,556966,3.024359941482544,1,51,128,111,1,66,130,111,0,-15,-2,0,True,Amyloid
6093,168,13384,500,10480,True,866203,3.5787179470062256,1,50,188,294,1,58,210,305,0,-8,-22,-11,True,Both
2011,269,14204,500,15566,True,5557826,11.791131019592285,1,30,119,233,1,45,146,255,0,-15,-27,-22,True,Tau
4074,75,10948,500,13366,True,6013889,13.988796949386597,1,17,39,39,1,15,43,29,0,2,-4,10,True,Amyloid
2033,1317,17469,500,10351,True,1117975,3.957993984222412,1,0,0,0,1,111,298,207,0,-111,-298,-207,True,Tau
4082,603,15625,500,15675,True,3406787,7.3176000118255615,1,0,0,0,1,28,252,683,0,-28,-252,-683,True,Amyloid
4094,56,7756,500,12011,True,1593939,3.871065855026245,1,80,214,375,1,82,208,372,0,-2,6,3,True,Amyloid
